01001,어딕트 립 글로우,디올,뷰티,"립, 틴트, 립글로즈, 립스틱, 립밤, 화장품, 색조",48000,https://shop.dior.co.kr/products/y0996214?gclid=Cj0KCQjwn9CgBhDjARIsAD15h0CpHmLorNYmBUp9XOE-7LU-U_naCLSfUcjgfkPTCVxOvWjWxVCV1fkaAhoEEALw_wcB,https://gift.kakao.com/product/2259144,https://www.coupang.com/np/search?component=&q=%EB%94%94%EC%98%AC+%EB%A6%BD%EA%B8%80%EB%A1%9C%EC%9A%B0&channel=user,https://search.shopping.naver.com/search/all?query=%EB%94%94%EC%98%AC%20%EC%96%B4%EB%94%95%ED%8A%B8%20%EB%A6%BD%20%EA%B8%80%EB%A1%9C%EC%9A%B0&cat_id=&frm=NVSHATC,"청량한 달콤함을 시작으로, 화이트 튤립의 푸른 잎사귀를 떠오르는 탬버린즈 퍼퓸 핸드크림이에요. 작은 크기에 들고 다니기 좋아요.","전문직, 사무직, 판매/서비스직, 학생, 전업주부, 무직, 기타","의사, 변호사, 검사, 변리사, 법무사, 노무사, 회계사, 세무사, 관세사, 교수, 마케터, 영업, 기획, 홍보, 인사, 경영지원, 총무, 호텔리어, 학원강사, 행사기획자, 게이머, 치위생사, 물리치료사, 상담사, 공무원, 심판, 여행사, 소방관, 경호원, 경비원, 경찰관, 중학생, 초등학생, 고등학생, 대학생, 대학원생",17,100,"생일, 이사/집들이, 취업/이직, 기념일","존경, 감사, 축하","여성, 남성",스몰럭셔리,"실용, 정성","가족, 친구, 연인"
01002,어딕트 립 글로우,디올,뷰티,"립, 틴트, 립글로즈, 립스틱, 립밤, 화장품, 색조",48000,https://shop.dior.co.kr/products/y0996214?gclid=Cj0KCQjwn9CgBhDjARIsAD15h0CpHmLorNYmBUp9XOE-7LU-U_naCLSfUcjgfkPTCVxOvWjWxVCV1fkaAhoEEALw_wcB,https://gift.kakao.com/product/2259144,https://www.coupang.com/np/search?component=&q=%EB%94%94%EC%98%AC+%EB%A6%BD%EA%B8%80%EB%A1%9C%EC%9A%B0&channel=user,https://search.shopping.naver.com/search/all?query=%EB%94%94%EC%98%AC%20%EC%96%B4%EB%94%95%ED%8A%B8%20%EB%A6%BD%20%EA%B8%80%EB%A1%9C%EC%9A%B0&cat_id=&frm=NVSHATC,"청량한 달콤함을 시작으로, 화이트 튤립의 푸른 잎사귀를 떠오르는 탬버린즈 퍼퓸 핸드크림이에요. 작은 크기에 들고 다니기 좋아요.","전문직, 사무직, 판매/서비스직, 학생, 전업주부, 무직, 기타","의사, 변호사, 검사, 변리사, 법무사, 노무사, 회계사, 세무사, 관세사, 교수, 마케터, 영업, 기획, 홍보, 인사, 경영지원, 총무, 호텔리어, 학원강사, 행사기획자, 게이머, 치위생사, 물리치료사, 상담사, 공무원, 심판, 여행사, 소방관, 경호원, 경비원, 경찰관, 중학생, 초등학생, 고등학생, 대학생, 대학원생",17,100,"생일, 이사/집들이, 취업/이직, 기념일","존경, 감사, 축하","여성, 남성",스몰럭셔리,"실용, 정성","가족, 친구, 연인"
01003,어딕트 립 글로우,디올,뷰티,"립, 틴트, 립글로즈, 립스틱, 립밤, 화장품, 색조",48000,https://shop.dior.co.kr/products/y0996214?gclid=Cj0KCQjwn9CgBhDjARIsAD15h0CpHmLorNYmBUp9XOE-7LU-U_naCLSfUcjgfkPTCVxOvWjWxVCV1fkaAhoEEALw_wcB,https://gift.kakao.com/product/2259144,https://www.coupang.com/np/search?component=&q=%EB%94%94%EC%98%AC+%EB%A6%BD%EA%B8%80%EB%A1%9C%EC%9A%B0&channel=user,https://search.shopping.naver.com/search/all?query=%EB%94%94%EC%98%AC%20%EC%96%B4%EB%94%95%ED%8A%B8%20%EB%A6%BD%20%EA%B8%80%EB%A1%9C%EC%9A%B0&cat_id=&frm=NVSHATC,"청량한 달콤함을 시작으로, 화이트 튤립의 푸른 잎사귀를 떠오르는 탬버린즈 퍼퓸 핸드크림이에요. 작은 크기에 들고 다니기 좋아요.","전문직, 사무직, 판매/서비스직, 학생, 전업주부, 무직, 기타","의사, 변호사, 검사, 변리사, 법무사, 노무사, 회계사, 세무사, 관세사, 교수, 마케터, 영업, 기획, 홍보, 인사, 경영지원, 총무, 호텔리어, 학원강사, 행사기획자, 게이머, 치위생사, 물리치료사, 상담사, 공무원, 심판, 여행사, 소방관, 경호원, 경비원, 경찰관, 중학생, 초등학생, 고등학생, 대학생, 대학원생",17,100,"생일, 이사/집들이, 취업/이직, 기념일","존경, 감사, 축하","여성, 남성",스몰럭셔리,"실용, 정성","가족, 친구, 연인"
01004,어딕트 립 글로우,디올,뷰티,"립, 틴트, 립글로즈, 립스틱, 립밤, 화장품, 색조",48000,https://shop.dior.co.kr/products/y0996214?gclid=Cj0KCQjwn9CgBhDjARIsAD15h0CpHmLorNYmBUp9XOE-7LU-U_naCLSfUcjgfkPTCVxOvWjWxVCV1fkaAhoEEALw_wcB,https://gift.kakao.com/product/2259144,https://www.coupang.com/np/search?component=&q=%EB%94%94%EC%98%AC+%EB%A6%BD%EA%B8%80%EB%A1%9C%EC%9A%B0&channel=user,https://search.shopping.naver.com/search/all?query=%EB%94%94%EC%98%AC%20%EC%96%B4%EB%94%95%ED%8A%B8%20%EB%A6%BD%20%EA%B8%80%EB%A1%9C%EC%9A%B0&cat_id=&frm=NVSHATC,"청량한 달콤함을 시작으로, 화이트 튤립의 푸른 잎사귀를 떠오르는 탬버린즈 퍼퓸 핸드크림이에요. 작은 크기에 들고 다니기 좋아요.","전문직, 사무직, 판매/서비스직, 학생, 전업주부, 무직, 기타","의사, 변호사, 검사, 변리사, 법무사, 노무사, 회계사, 세무사, 관세사, 교수, 마케터, 영업, 기획, 홍보, 인사, 경영지원, 총무, 호텔리어, 학원강사, 행사기획자, 게이머, 치위생사, 물리치료사, 상담사, 공무원, 심판, 여행사, 소방관, 경호원, 경비원, 경찰관, 중학생, 초등학생, 고등학생, 대학생, 대학원생",17,100,"생일, 이사/집들이, 취업/이직, 기념일","존경, 감사, 축하","여성, 남성",스몰럭셔리,"실용, 정성","가족, 친구, 연인"
01005,어딕트 립 글로우,디올,뷰티,"립, 틴트, 립글로즈, 립스틱, 립밤, 화장품, 색조",48000,https://shop.dior.co.kr/products/y0996214?gclid=Cj0KCQjwn9CgBhDjARIsAD15h0CpHmLorNYmBUp9XOE-7LU-U_naCLSfUcjgfkPTCVxOvWjWxVCV1fkaAhoEEALw_wcB,https://gift.kakao.com/product/2259144,https://www.coupang.com/np/search?component=&q=%EB%94%94%EC%98%AC+%EB%A6%BD%EA%B8%80%EB%A1%9C%EC%9A%B0&channel=user,https://search.shopping.naver.com/search/all?query=%EB%94%94%EC%98%AC%20%EC%96%B4%EB%94%95%ED%8A%B8%20%EB%A6%BD%20%EA%B8%80%EB%A1%9C%EC%9A%B0&cat_id=&frm=NVSHATC,"청량한 달콤함을 시작으로, 화이트 튤립의 푸른 잎사귀를 떠오르는 탬버린즈 퍼퓸 핸드크림이에요. 작은 크기에 들고 다니기 좋아요.","전문직, 사무직, 판매/서비스직, 학생, 전업주부, 무직, 기타","의사, 변호사, 검사, 변리사, 법무사, 노무사, 회계사, 세무사, 관세사, 교수, 마케터, 영업, 기획, 홍보, 인사, 경영지원, 총무, 호텔리어, 학원강사, 행사기획자, 게이머, 치위생사, 물리치료사, 상담사, 공무원, 심판, 여행사, 소방관, 경호원, 경비원, 경찰관, 중학생, 초등학생, 고등학생, 대학생, 대학원생",17,100,"생일, 이사/집들이, 취업/이직, 기념일","존경, 감사, 축하","여성, 남성",스몰럭셔리,"실용, 정성","가족, 친구, 연인"
01006,어딕트 립 글로우,디올,뷰티,"립, 틴트, 립글로즈, 립스틱, 립밤, 화장품, 색조",48000,https://shop.dior.co.kr/products/y0996214?gclid=Cj0KCQjwn9CgBhDjARIsAD15h0CpHmLorNYmBUp9XOE-7LU-U_naCLSfUcjgfkPTCVxOvWjWxVCV1fkaAhoEEALw_wcB,https://gift.kakao.com/product/2259144,https://www.coupang.com/np/search?component=&q=%EB%94%94%EC%98%AC+%EB%A6%BD%EA%B8%80%EB%A1%9C%EC%9A%B0&channel=user,https://search.shopping.naver.com/search/all?query=%EB%94%94%EC%98%AC%20%EC%96%B4%EB%94%95%ED%8A%B8%20%EB%A6%BD%20%EA%B8%80%EB%A1%9C%EC%9A%B0&cat_id=&frm=NVSHATC,"청량한 달콤함을 시작으로, 화이트 튤립의 푸른 잎사귀를 떠오르는 탬버린즈 퍼퓸 핸드크림이에요. 작은 크기에 들고 다니기 좋아요.","전문직, 사무직, 판매/서비스직, 학생, 전업주부, 무직, 기타","의사, 변호사, 검사, 변리사, 법무사, 노무사, 회계사, 세무사, 관세사, 교수, 마케터, 영업, 기획, 홍보, 인사, 경영지원, 총무, 호텔리어, 학원강사, 행사기획자, 게이머, 치위생사, 물리치료사, 상담사, 공무원, 심판, 여행사, 소방관, 경호원, 경비원, 경찰관, 중학생, 초등학생, 고등학생, 대학생, 대학원생",17,100,"생일, 이사/집들이, 취업/이직, 기념일","존경, 감사, 축하","여성, 남성",스몰럭셔리,"실용, 정성","가족, 친구, 연인"
01007,어딕트 립 글로우,디올,뷰티,"립, 틴트, 립글로즈, 립스틱, 립밤, 화장품, 색조",48000,https://shop.dior.co.kr/products/y0996214?gclid=Cj0KCQjwn9CgBhDjARIsAD15h0CpHmLorNYmBUp9XOE-7LU-U_naCLSfUcjgfkPTCVxOvWjWxVCV1fkaAhoEEALw_wcB,https://gift.kakao.com/product/2259144,https://www.coupang.com/np/search?component=&q=%EB%94%94%EC%98%AC+%EB%A6%BD%EA%B8%80%EB%A1%9C%EC%9A%B0&channel=user,https://search.shopping.naver.com/search/all?query=%EB%94%94%EC%98%AC%20%EC%96%B4%EB%94%95%ED%8A%B8%20%EB%A6%BD%20%EA%B8%80%EB%A1%9C%EC%9A%B0&cat_id=&frm=NVSHATC,"청량한 달콤함을 시작으로, 화이트 튤립의 푸른 잎사귀를 떠오르는 탬버린즈 퍼퓸 핸드크림이에요. 작은 크기에 들고 다니기 좋아요.","전문직, 사무직, 판매/서비스직, 학생, 전업주부, 무직, 기타","의사, 변호사, 검사, 변리사, 법무사, 노무사, 회계사, 세무사, 관세사, 교수, 마케터, 영업, 기획, 홍보, 인사, 경영지원, 총무, 호텔리어, 학원강사, 행사기획자, 게이머, 치위생사, 물리치료사, 상담사, 공무원, 심판, 여행사, 소방관, 경호원, 경비원, 경찰관, 중학생, 초등학생, 고등학생, 대학생, 대학원생",17,100,"생일, 이사/집들이, 취업/이직, 기념일","존경, 감사, 축하","여성, 남성",스몰럭셔리,"실용, 정성","가족, 친구, 연인"
01008,어딕트 립 글로우,디올,뷰티,"립, 틴트, 립글로즈, 립스틱, 립밤, 화장품, 색조",48000,https://shop.dior.co.kr/products/y0996214?gclid=Cj0KCQjwn9CgBhDjARIsAD15h0CpHmLorNYmBUp9XOE-7LU-U_naCLSfUcjgfkPTCVxOvWjWxVCV1fkaAhoEEALw_wcB,https://gift.kakao.com/product/2259144,https://www.coupang.com/np/search?component=&q=%EB%94%94%EC%98%AC+%EB%A6%BD%EA%B8%80%EB%A1%9C%EC%9A%B0&channel=user,https://search.shopping.naver.com/search/all?query=%EB%94%94%EC%98%AC%20%EC%96%B4%EB%94%95%ED%8A%B8%20%EB%A6%BD%20%EA%B8%80%EB%A1%9C%EC%9A%B0&cat_id=&frm=NVSHATC,"청량한 달콤함을 시작으로, 화이트 튤립의 푸른 잎사귀를 떠오르는 탬버린즈 퍼퓸 핸드크림이에요. 작은 크기에 들고 다니기 좋아요.","전문직, 사무직, 판매/서비스직, 학생, 전업주부, 무직, 기타","의사, 변호사, 검사, 변리사, 법무사, 노무사, 회계사, 세무사, 관세사, 교수, 마케터, 영업, 기획, 홍보, 인사, 경영지원, 총무, 호텔리어, 학원강사, 행사기획자, 게이머, 치위생사, 물리치료사, 상담사, 공무원, 심판, 여행사, 소방관, 경호원, 경비원, 경찰관, 중학생, 초등학생, 고등학생, 대학생, 대학원생",17,100,"생일, 이사/집들이, 취업/이직, 기념일","존경, 감사, 축하","여성, 남성",스몰럭셔리,"실용, 정성","가족, 친구, 연인"
01009,어딕트 립 글로우,디올,뷰티,"립, 틴트, 립글로즈, 립스틱, 립밤, 화장품, 색조",48000,https://shop.dior.co.kr/products/y0996214?gclid=Cj0KCQjwn9CgBhDjARIsAD15h0CpHmLorNYmBUp9XOE-7LU-U_naCLSfUcjgfkPTCVxOvWjWxVCV1fkaAhoEEALw_wcB,https://gift.kakao.com/product/2259144,https://www.coupang.com/np/search?component=&q=%EB%94%94%EC%98%AC+%EB%A6%BD%EA%B8%80%EB%A1%9C%EC%9A%B0&channel=user,https://search.shopping.naver.com/search/all?query=%EB%94%94%EC%98%AC%20%EC%96%B4%EB%94%95%ED%8A%B8%20%EB%A6%BD%20%EA%B8%80%EB%A1%9C%EC%9A%B0&cat_id=&frm=NVSHATC,"청량한 달콤함을 시작으로, 화이트 튤립의 푸른 잎사귀를 떠오르는 탬버린즈 퍼퓸 핸드크림이에요. 작은 크기에 들고 다니기 좋아요.","전문직, 사무직, 판매/서비스직, 학생, 전업주부, 무직, 기타","의사, 변호사, 검사, 변리사, 법무사, 노무사, 회계사, 세무사, 관세사, 교수, 마케터, 영업, 기획, 홍보, 인사, 경영지원, 총무, 호텔리어, 학원강사, 행사기획자, 게이머, 치위생사, 물리치료사, 상담사, 공무원, 심판, 여행사, 소방관, 경호원, 경비원, 경찰관, 중학생, 초등학생, 고등학생, 대학생, 대학원생",17,100,"생일, 이사/집들이, 취업/이직, 기념일","존경, 감사, 축하","여성, 남성",스몰럭셔리,"실용, 정성","가족, 친구, 연인"
01010,어딕트 립 글로우,디올,뷰티,"립, 틴트, 립글로즈, 립스틱, 립밤, 화장품, 색조",48000,https://shop.dior.co.kr/products/y0996214?gclid=Cj0KCQjwn9CgBhDjARIsAD15h0CpHmLorNYmBUp9XOE-7LU-U_naCLSfUcjgfkPTCVxOvWjWxVCV1fkaAhoEEALw_wcB,https://gift.kakao.com/product/2259144,https://www.coupang.com/np/search?component=&q=%EB%94%94%EC%98%AC+%EB%A6%BD%EA%B8%80%EB%A1%9C%EC%9A%B0&channel=user,https://search.shopping.naver.com/search/all?query=%EB%94%94%EC%98%AC%20%EC%96%B4%EB%94%95%ED%8A%B8%20%EB%A6%BD%20%EA%B8%80%EB%A1%9C%EC%9A%B0&cat_id=&frm=NVSHATC,"청량한 달콤함을 시작으로, 화이트 튤립의 푸른 잎사귀를 떠오르는 탬버린즈 퍼퓸 핸드크림이에요. 작은 크기에 들고 다니기 좋아요.","전문직, 사무직, 판매/서비스직, 학생, 전업주부, 무직, 기타","의사, 변호사, 검사, 변리사, 법무사, 노무사, 회계사, 세무사, 관세사, 교수, 마케터, 영업, 기획, 홍보, 인사, 경영지원, 총무, 호텔리어, 학원강사, 행사기획자, 게이머, 치위생사, 물리치료사, 상담사, 공무원, 심판, 여행사, 소방관, 경호원, 경비원, 경찰관, 중학생, 초등학생, 고등학생, 대학생, 대학원생",17,100,"생일, 이사/집들이, 취업/이직, 기념일","존경, 감사, 축하","여성, 남성",스몰럭셔리,"실용, 정성","가족, 친구, 연인"
01011,어딕트 립 글로우,디올,뷰티,"립, 틴트, 립글로즈, 립스틱, 립밤, 화장품, 색조",48000,https://shop.dior.co.kr/products/y0996214?gclid=Cj0KCQjwn9CgBhDjARIsAD15h0CpHmLorNYmBUp9XOE-7LU-U_naCLSfUcjgfkPTCVxOvWjWxVCV1fkaAhoEEALw_wcB,https://gift.kakao.com/product/2259144,https://www.coupang.com/np/search?component=&q=%EB%94%94%EC%98%AC+%EB%A6%BD%EA%B8%80%EB%A1%9C%EC%9A%B0&channel=user,https://search.shopping.naver.com/search/all?query=%EB%94%94%EC%98%AC%20%EC%96%B4%EB%94%95%ED%8A%B8%20%EB%A6%BD%20%EA%B8%80%EB%A1%9C%EC%9A%B0&cat_id=&frm=NVSHATC,"청량한 달콤함을 시작으로, 화이트 튤립의 푸른 잎사귀를 떠오르는 탬버린즈 퍼퓸 핸드크림이에요. 작은 크기에 들고 다니기 좋아요.","전문직, 사무직, 판매/서비스직, 학생, 전업주부, 무직, 기타","의사, 변호사, 검사, 변리사, 법무사, 노무사, 회계사, 세무사, 관세사, 교수, 마케터, 영업, 기획, 홍보, 인사, 경영지원, 총무, 호텔리어, 학원강사, 행사기획자, 게이머, 치위생사, 물리치료사, 상담사, 공무원, 심판, 여행사, 소방관, 경호원, 경비원, 경찰관, 중학생, 초등학생, 고등학생, 대학생, 대학원생",17,100,"생일, 이사/집들이, 취업/이직, 기념일","존경, 감사, 축하","여성, 남성",스몰럭셔리,"실용, 정성","가족, 친구, 연인"
01012,어딕트 립 글로우,디올,뷰티,"립, 틴트, 립글로즈, 립스틱, 립밤, 화장품, 색조",48000,https://shop.dior.co.kr/products/y0996214?gclid=Cj0KCQjwn9CgBhDjARIsAD15h0CpHmLorNYmBUp9XOE-7LU-U_naCLSfUcjgfkPTCVxOvWjWxVCV1fkaAhoEEALw_wcB,https://gift.kakao.com/product/2259144,https://www.coupang.com/np/search?component=&q=%EB%94%94%EC%98%AC+%EB%A6%BD%EA%B8%80%EB%A1%9C%EC%9A%B0&channel=user,https://search.shopping.naver.com/search/all?query=%EB%94%94%EC%98%AC%20%EC%96%B4%EB%94%95%ED%8A%B8%20%EB%A6%BD%20%EA%B8%80%EB%A1%9C%EC%9A%B0&cat_id=&frm=NVSHATC,"청량한 달콤함을 시작으로, 화이트 튤립의 푸른 잎사귀를 떠오르는 탬버린즈 퍼퓸 핸드크림이에요. 작은 크기에 들고 다니기 좋아요.","전문직, 사무직, 판매/서비스직, 학생, 전업주부, 무직, 기타","의사, 변호사, 검사, 변리사, 법무사, 노무사, 회계사, 세무사, 관세사, 교수, 마케터, 영업, 기획, 홍보, 인사, 경영지원, 총무, 호텔리어, 학원강사, 행사기획자, 게이머, 치위생사, 물리치료사, 상담사, 공무원, 심판, 여행사, 소방관, 경호원, 경비원, 경찰관, 중학생, 초등학생, 고등학생, 대학생, 대학원생",17,100,"생일, 이사/집들이, 취업/이직, 기념일","존경, 감사, 축하","여성, 남성",스몰럭셔리,"실용, 정성","가족, 친구, 연인"
01013,어딕트 립 글로우,디올,뷰티,"립, 틴트, 립글로즈, 립스틱, 립밤, 화장품, 색조",48000,https://shop.dior.co.kr/products/y0996214?gclid=Cj0KCQjwn9CgBhDjARIsAD15h0CpHmLorNYmBUp9XOE-7LU-U_naCLSfUcjgfkPTCVxOvWjWxVCV1fkaAhoEEALw_wcB,https://gift.kakao.com/product/2259144,https://www.coupang.com/np/search?component=&q=%EB%94%94%EC%98%AC+%EB%A6%BD%EA%B8%80%EB%A1%9C%EC%9A%B0&channel=user,https://search.shopping.naver.com/search/all?query=%EB%94%94%EC%98%AC%20%EC%96%B4%EB%94%95%ED%8A%B8%20%EB%A6%BD%20%EA%B8%80%EB%A1%9C%EC%9A%B0&cat_id=&frm=NVSHATC,"청량한 달콤함을 시작으로, 화이트 튤립의 푸른 잎사귀를 떠오르는 탬버린즈 퍼퓸 핸드크림이에요. 작은 크기에 들고 다니기 좋아요.","전문직, 사무직, 판매/서비스직, 학생, 전업주부, 무직, 기타","의사, 변호사, 검사, 변리사, 법무사, 노무사, 회계사, 세무사, 관세사, 교수, 마케터, 영업, 기획, 홍보, 인사, 경영지원, 총무, 호텔리어, 학원강사, 행사기획자, 게이머, 치위생사, 물리치료사, 상담사, 공무원, 심판, 여행사, 소방관, 경호원, 경비원, 경찰관, 중학생, 초등학생, 고등학생, 대학생, 대학원생",17,100,"생일, 이사/집들이, 취업/이직, 기념일","존경, 감사, 축하","여성, 남성",스몰럭셔리,"실용, 정성","가족, 친구, 연인"
01014,어딕트 립 글로우,디올,뷰티,"립, 틴트, 립글로즈, 립스틱, 립밤, 화장품, 색조",48000,https://shop.dior.co.kr/products/y0996214?gclid=Cj0KCQjwn9CgBhDjARIsAD15h0CpHmLorNYmBUp9XOE-7LU-U_naCLSfUcjgfkPTCVxOvWjWxVCV1fkaAhoEEALw_wcB,https://gift.kakao.com/product/2259144,https://www.coupang.com/np/search?component=&q=%EB%94%94%EC%98%AC+%EB%A6%BD%EA%B8%80%EB%A1%9C%EC%9A%B0&channel=user,https://search.shopping.naver.com/search/all?query=%EB%94%94%EC%98%AC%20%EC%96%B4%EB%94%95%ED%8A%B8%20%EB%A6%BD%20%EA%B8%80%EB%A1%9C%EC%9A%B0&cat_id=&frm=NVSHATC,"청량한 달콤함을 시작으로, 화이트 튤립의 푸른 잎사귀를 떠오르는 탬버린즈 퍼퓸 핸드크림이에요. 작은 크기에 들고 다니기 좋아요.","전문직, 사무직, 판매/서비스직, 학생, 전업주부, 무직, 기타","의사, 변호사, 검사, 변리사, 법무사, 노무사, 회계사, 세무사, 관세사, 교수, 마케터, 영업, 기획, 홍보, 인사, 경영지원, 총무, 호텔리어, 학원강사, 행사기획자, 게이머, 치위생사, 물리치료사, 상담사, 공무원, 심판, 여행사, 소방관, 경호원, 경비원, 경찰관, 중학생, 초등학생, 고등학생, 대학생, 대학원생",17,100,"생일, 이사/집들이, 취업/이직, 기념일","존경, 감사, 축하","여성, 남성",스몰럭셔리,"실용, 정성","가족, 친구, 연인"
01015,어딕트 립 글로우,디올,뷰티,"립, 틴트, 립글로즈, 립스틱, 립밤, 화장품, 색조",48000,https://shop.dior.co.kr/products/y0996214?gclid=Cj0KCQjwn9CgBhDjARIsAD15h0CpHmLorNYmBUp9XOE-7LU-U_naCLSfUcjgfkPTCVxOvWjWxVCV1fkaAhoEEALw_wcB,https://gift.kakao.com/product/2259144,https://www.coupang.com/np/search?component=&q=%EB%94%94%EC%98%AC+%EB%A6%BD%EA%B8%80%EB%A1%9C%EC%9A%B0&channel=user,https://search.shopping.naver.com/search/all?query=%EB%94%94%EC%98%AC%20%EC%96%B4%EB%94%95%ED%8A%B8%20%EB%A6%BD%20%EA%B8%80%EB%A1%9C%EC%9A%B0&cat_id=&frm=NVSHATC,"청량한 달콤함을 시작으로, 화이트 튤립의 푸른 잎사귀를 떠오르는 탬버린즈 퍼퓸 핸드크림이에요. 작은 크기에 들고 다니기 좋아요.","전문직, 사무직, 판매/서비스직, 학생, 전업주부, 무직, 기타","의사, 변호사, 검사, 변리사, 법무사, 노무사, 회계사, 세무사, 관세사, 교수, 마케터, 영업, 기획, 홍보, 인사, 경영지원, 총무, 호텔리어, 학원강사, 행사기획자, 게이머, 치위생사, 물리치료사, 상담사, 공무원, 심판, 여행사, 소방관, 경호원, 경비원, 경찰관, 중학생, 초등학생, 고등학생, 대학생, 대학원생",17,100,"생일, 이사/집들이, 취업/이직, 기념일","존경, 감사, 축하","여성, 남성",스몰럭셔리,"실용, 정성","가족, 친구, 연인"
01016,어딕트 립 글로우,디올,뷰티,"립, 틴트, 립글로즈, 립스틱, 립밤, 화장품, 색조",48000,https://shop.dior.co.kr/products/y0996214?gclid=Cj0KCQjwn9CgBhDjARIsAD15h0CpHmLorNYmBUp9XOE-7LU-U_naCLSfUcjgfkPTCVxOvWjWxVCV1fkaAhoEEALw_wcB,https://gift.kakao.com/product/2259144,https://www.coupang.com/np/search?component=&q=%EB%94%94%EC%98%AC+%EB%A6%BD%EA%B8%80%EB%A1%9C%EC%9A%B0&channel=user,https://search.shopping.naver.com/search/all?query=%EB%94%94%EC%98%AC%20%EC%96%B4%EB%94%95%ED%8A%B8%20%EB%A6%BD%20%EA%B8%80%EB%A1%9C%EC%9A%B0&cat_id=&frm=NVSHATC,"청량한 달콤함을 시작으로, 화이트 튤립의 푸른 잎사귀를 떠오르는 탬버린즈 퍼퓸 핸드크림이에요. 작은 크기에 들고 다니기 좋아요.","전문직, 사무직, 판매/서비스직, 학생, 전업주부, 무직, 기타","의사, 변호사, 검사, 변리사, 법무사, 노무사, 회계사, 세무사, 관세사, 교수, 마케터, 영업, 기획, 홍보, 인사, 경영지원, 총무, 호텔리어, 학원강사, 행사기획자, 게이머, 치위생사, 물리치료사, 상담사, 공무원, 심판, 여행사, 소방관, 경호원, 경비원, 경찰관, 중학생, 초등학생, 고등학생, 대학생, 대학원생",17,100,"생일, 이사/집들이, 취업/이직, 기념일","존경, 감사, 축하","여성, 남성",스몰럭셔리,"실용, 정성","가족, 친구, 연인"
01017,어딕트 립 글로우,디올,뷰티,"립, 틴트, 립글로즈, 립스틱, 립밤, 화장품, 색조",48000,https://shop.dior.co.kr/products/y0996214?gclid=Cj0KCQjwn9CgBhDjARIsAD15h0CpHmLorNYmBUp9XOE-7LU-U_naCLSfUcjgfkPTCVxOvWjWxVCV1fkaAhoEEALw_wcB,https://gift.kakao.com/product/2259144,https://www.coupang.com/np/search?component=&q=%EB%94%94%EC%98%AC+%EB%A6%BD%EA%B8%80%EB%A1%9C%EC%9A%B0&channel=user,https://search.shopping.naver.com/search/all?query=%EB%94%94%EC%98%AC%20%EC%96%B4%EB%94%95%ED%8A%B8%20%EB%A6%BD%20%EA%B8%80%EB%A1%9C%EC%9A%B0&cat_id=&frm=NVSHATC,"청량한 달콤함을 시작으로, 화이트 튤립의 푸른 잎사귀를 떠오르는 탬버린즈 퍼퓸 핸드크림이에요. 작은 크기에 들고 다니기 좋아요.","전문직, 사무직, 판매/서비스직, 학생, 전업주부, 무직, 기타","의사, 변호사, 검사, 변리사, 법무사, 노무사, 회계사, 세무사, 관세사, 교수, 마케터, 영업, 기획, 홍보, 인사, 경영지원, 총무, 호텔리어, 학원강사, 행사기획자, 게이머, 치위생사, 물리치료사, 상담사, 공무원, 심판, 여행사, 소방관, 경호원, 경비원, 경찰관, 중학생, 초등학생, 고등학생, 대학생, 대학원생",17,100,"생일, 이사/집들이, 취업/이직, 기념일","존경, 감사, 축하","여성, 남성",스몰럭셔리,"실용, 정성","가족, 친구, 연인"
01018,어딕트 립 글로우,디올,뷰티,"립, 틴트, 립글로즈, 립스틱, 립밤, 화장품, 색조",48000,https://shop.dior.co.kr/products/y0996214?gclid=Cj0KCQjwn9CgBhDjARIsAD15h0CpHmLorNYmBUp9XOE-7LU-U_naCLSfUcjgfkPTCVxOvWjWxVCV1fkaAhoEEALw_wcB,https://gift.kakao.com/product/2259144,https://www.coupang.com/np/search?component=&q=%EB%94%94%EC%98%AC+%EB%A6%BD%EA%B8%80%EB%A1%9C%EC%9A%B0&channel=user,https://search.shopping.naver.com/search/all?query=%EB%94%94%EC%98%AC%20%EC%96%B4%EB%94%95%ED%8A%B8%20%EB%A6%BD%20%EA%B8%80%EB%A1%9C%EC%9A%B0&cat_id=&frm=NVSHATC,"청량한 달콤함을 시작으로, 화이트 튤립의 푸른 잎사귀를 떠오르는 탬버린즈 퍼퓸 핸드크림이에요. 작은 크기에 들고 다니기 좋아요.","전문직, 사무직, 판매/서비스직, 학생, 전업주부, 무직, 기타","의사, 변호사, 검사, 변리사, 법무사, 노무사, 회계사, 세무사, 관세사, 교수, 마케터, 영업, 기획, 홍보, 인사, 경영지원, 총무, 호텔리어, 학원강사, 행사기획자, 게이머, 치위생사, 물리치료사, 상담사, 공무원, 심판, 여행사, 소방관, 경호원, 경비원, 경찰관, 중학생, 초등학생, 고등학생, 대학생, 대학원생",17,100,"생일, 이사/집들이, 취업/이직, 기념일","존경, 감사, 축하","여성, 남성",스몰럭셔리,"실용, 정성","가족, 친구, 연인"
01019,어딕트 립 글로우,디올,뷰티,"립, 틴트, 립글로즈, 립스틱, 립밤, 화장품, 색조",48000,https://shop.dior.co.kr/products/y0996214?gclid=Cj0KCQjwn9CgBhDjARIsAD15h0CpHmLorNYmBUp9XOE-7LU-U_naCLSfUcjgfkPTCVxOvWjWxVCV1fkaAhoEEALw_wcB,https://gift.kakao.com/product/2259144,https://www.coupang.com/np/search?component=&q=%EB%94%94%EC%98%AC+%EB%A6%BD%EA%B8%80%EB%A1%9C%EC%9A%B0&channel=user,https://search.shopping.naver.com/search/all?query=%EB%94%94%EC%98%AC%20%EC%96%B4%EB%94%95%ED%8A%B8%20%EB%A6%BD%20%EA%B8%80%EB%A1%9C%EC%9A%B0&cat_id=&frm=NVSHATC,"청량한 달콤함을 시작으로, 화이트 튤립의 푸른 잎사귀를 떠오르는 탬버린즈 퍼퓸 핸드크림이에요. 작은 크기에 들고 다니기 좋아요.","전문직, 사무직, 판매/서비스직, 학생, 전업주부, 무직, 기타","의사, 변호사, 검사, 변리사, 법무사, 노무사, 회계사, 세무사, 관세사, 교수, 마케터, 영업, 기획, 홍보, 인사, 경영지원, 총무, 호텔리어, 학원강사, 행사기획자, 게이머, 치위생사, 물리치료사, 상담사, 공무원, 심판, 여행사, 소방관, 경호원, 경비원, 경찰관, 중학생, 초등학생, 고등학생, 대학생, 대학원생",17,100,"생일, 이사/집들이, 취업/이직, 기념일","존경, 감사, 축하","여성, 남성",스몰럭셔리,"실용, 정성","가족, 친구, 연인"
01020,어딕트 립 글로우,디올,뷰티,"립, 틴트, 립글로즈, 립스틱, 립밤, 화장품, 색조",48000,https://shop.dior.co.kr/products/y0996214?gclid=Cj0KCQjwn9CgBhDjARIsAD15h0CpHmLorNYmBUp9XOE-7LU-U_naCLSfUcjgfkPTCVxOvWjWxVCV1fkaAhoEEALw_wcB,https://gift.kakao.com/product/2259144,https://www.coupang.com/np/search?component=&q=%EB%94%94%EC%98%AC+%EB%A6%BD%EA%B8%80%EB%A1%9C%EC%9A%B0&channel=user,https://search.shopping.naver.com/search/all?query=%EB%94%94%EC%98%AC%20%EC%96%B4%EB%94%95%ED%8A%B8%20%EB%A6%BD%20%EA%B8%80%EB%A1%9C%EC%9A%B0&cat_id=&frm=NVSHATC,"청량한 달콤함을 시작으로, 화이트 튤립의 푸른 잎사귀를 떠오르는 탬버린즈 퍼퓸 핸드크림이에요. 작은 크기에 들고 다니기 좋아요.","전문직, 사무직, 판매/서비스직, 학생, 전업주부, 무직, 기타","의사, 변호사, 검사, 변리사, 법무사, 노무사, 회계사, 세무사, 관세사, 교수, 마케터, 영업, 기획, 홍보, 인사, 경영지원, 총무, 호텔리어, 학원강사, 행사기획자, 게이머, 치위생사, 물리치료사, 상담사, 공무원, 심판, 여행사, 소방관, 경호원, 경비원, 경찰관, 중학생, 초등학생, 고등학생, 대학생, 대학원생",17,100,"생일, 이사/집들이, 취업/이직, 기념일","존경, 감사, 축하","여성, 남성",스몰럭셔리,"실용, 정성","가족, 친구, 연인"
01021,어딕트 립 글로우,디올,뷰티,"립, 틴트, 립글로즈, 립스틱, 립밤, 화장품, 색조",48000,https://shop.dior.co.kr/products/y0996214?gclid=Cj0KCQjwn9CgBhDjARIsAD15h0CpHmLorNYmBUp9XOE-7LU-U_naCLSfUcjgfkPTCVxOvWjWxVCV1fkaAhoEEALw_wcB,https://gift.kakao.com/product/2259144,https://www.coupang.com/np/search?component=&q=%EB%94%94%EC%98%AC+%EB%A6%BD%EA%B8%80%EB%A1%9C%EC%9A%B0&channel=user,https://search.shopping.naver.com/search/all?query=%EB%94%94%EC%98%AC%20%EC%96%B4%EB%94%95%ED%8A%B8%20%EB%A6%BD%20%EA%B8%80%EB%A1%9C%EC%9A%B0&cat_id=&frm=NVSHATC,"청량한 달콤함을 시작으로, 화이트 튤립의 푸른 잎사귀를 떠오르는 탬버린즈 퍼퓸 핸드크림이에요. 작은 크기에 들고 다니기 좋아요.","전문직, 사무직, 판매/서비스직, 학생, 전업주부, 무직, 기타","의사, 변호사, 검사, 변리사, 법무사, 노무사, 회계사, 세무사, 관세사, 교수, 마케터, 영업, 기획, 홍보, 인사, 경영지원, 총무, 호텔리어, 학원강사, 행사기획자, 게이머, 치위생사, 물리치료사, 상담사, 공무원, 심판, 여행사, 소방관, 경호원, 경비원, 경찰관, 중학생, 초등학생, 고등학생, 대학생, 대학원생",17,100,"생일, 이사/집들이, 취업/이직, 기념일","존경, 감사, 축하","여성, 남성",스몰럭셔리,"실용, 정성","가족, 친구, 연인"
01022,어딕트 립 글로우,디올,뷰티,"립, 틴트, 립글로즈, 립스틱, 립밤, 화장품, 색조",48000,https://shop.dior.co.kr/products/y0996214?gclid=Cj0KCQjwn9CgBhDjARIsAD15h0CpHmLorNYmBUp9XOE-7LU-U_naCLSfUcjgfkPTCVxOvWjWxVCV1fkaAhoEEALw_wcB,https://gift.kakao.com/product/2259144,https://www.coupang.com/np/search?component=&q=%EB%94%94%EC%98%AC+%EB%A6%BD%EA%B8%80%EB%A1%9C%EC%9A%B0&channel=user,https://search.shopping.naver.com/search/all?query=%EB%94%94%EC%98%AC%20%EC%96%B4%EB%94%95%ED%8A%B8%20%EB%A6%BD%20%EA%B8%80%EB%A1%9C%EC%9A%B0&cat_id=&frm=NVSHATC,"청량한 달콤함을 시작으로, 화이트 튤립의 푸른 잎사귀를 떠오르는 탬버린즈 퍼퓸 핸드크림이에요. 작은 크기에 들고 다니기 좋아요.","전문직, 사무직, 판매/서비스직, 학생, 전업주부, 무직, 기타","의사, 변호사, 검사, 변리사, 법무사, 노무사, 회계사, 세무사, 관세사, 교수, 마케터, 영업, 기획, 홍보, 인사, 경영지원, 총무, 호텔리어, 학원강사, 행사기획자, 게이머, 치위생사, 물리치료사, 상담사, 공무원, 심판, 여행사, 소방관, 경호원, 경비원, 경찰관, 중학생, 초등학생, 고등학생, 대학생, 대학원생",17,100,"생일, 이사/집들이, 취업/이직, 기념일","존경, 감사, 축하","여성, 남성",스몰럭셔리,"실용, 정성","가족, 친구, 연인"
01023,어딕트 립 글로우,디올,뷰티,"립, 틴트, 립글로즈, 립스틱, 립밤, 화장품, 색조",48000,https://shop.dior.co.kr/products/y0996214?gclid=Cj0KCQjwn9CgBhDjARIsAD15h0CpHmLorNYmBUp9XOE-7LU-U_naCLSfUcjgfkPTCVxOvWjWxVCV1fkaAhoEEALw_wcB,https://gift.kakao.com/product/2259144,https://www.coupang.com/np/search?component=&q=%EB%94%94%EC%98%AC+%EB%A6%BD%EA%B8%80%EB%A1%9C%EC%9A%B0&channel=user,https://search.shopping.naver.com/search/all?query=%EB%94%94%EC%98%AC%20%EC%96%B4%EB%94%95%ED%8A%B8%20%EB%A6%BD%20%EA%B8%80%EB%A1%9C%EC%9A%B0&cat_id=&frm=NVSHATC,"청량한 달콤함을 시작으로, 화이트 튤립의 푸른 잎사귀를 떠오르는 탬버린즈 퍼퓸 핸드크림이에요. 작은 크기에 들고 다니기 좋아요.","전문직, 사무직, 판매/서비스직, 학생, 전업주부, 무직, 기타","의사, 변호사, 검사, 변리사, 법무사, 노무사, 회계사, 세무사, 관세사, 교수, 마케터, 영업, 기획, 홍보, 인사, 경영지원, 총무, 호텔리어, 학원강사, 행사기획자, 게이머, 치위생사, 물리치료사, 상담사, 공무원, 심판, 여행사, 소방관, 경호원, 경비원, 경찰관, 중학생, 초등학생, 고등학생, 대학생, 대학원생",17,100,"생일, 이사/집들이, 취업/이직, 기념일","존경, 감사, 축하","여성, 남성",스몰럭셔리,"실용, 정성","가족, 친구, 연인"
01024,어딕트 립 글로우,디올,뷰티,"립, 틴트, 립글로즈, 립스틱, 립밤, 화장품, 색조",48000,https://shop.dior.co.kr/products/y0996214?gclid=Cj0KCQjwn9CgBhDjARIsAD15h0CpHmLorNYmBUp9XOE-7LU-U_naCLSfUcjgfkPTCVxOvWjWxVCV1fkaAhoEEALw_wcB,https://gift.kakao.com/product/2259144,https://www.coupang.com/np/search?component=&q=%EB%94%94%EC%98%AC+%EB%A6%BD%EA%B8%80%EB%A1%9C%EC%9A%B0&channel=user,https://search.shopping.naver.com/search/all?query=%EB%94%94%EC%98%AC%20%EC%96%B4%EB%94%95%ED%8A%B8%20%EB%A6%BD%20%EA%B8%80%EB%A1%9C%EC%9A%B0&cat_id=&frm=NVSHATC,"청량한 달콤함을 시작으로, 화이트 튤립의 푸른 잎사귀를 떠오르는 탬버린즈 퍼퓸 핸드크림이에요. 작은 크기에 들고 다니기 좋아요.","전문직, 사무직, 판매/서비스직, 학생, 전업주부, 무직, 기타","의사, 변호사, 검사, 변리사, 법무사, 노무사, 회계사, 세무사, 관세사, 교수, 마케터, 영업, 기획, 홍보, 인사, 경영지원, 총무, 호텔리어, 학원강사, 행사기획자, 게이머, 치위생사, 물리치료사, 상담사, 공무원, 심판, 여행사, 소방관, 경호원, 경비원, 경찰관, 중학생, 초등학생, 고등학생, 대학생, 대학원생",17,100,"생일, 이사/집들이, 취업/이직, 기념일","존경, 감사, 축하","여성, 남성",스몰럭셔리,"실용, 정성","가족, 친구, 연인"
01025,어딕트 립 글로우,디올,뷰티,"립, 틴트, 립글로즈, 립스틱, 립밤, 화장품, 색조",48000,https://shop.dior.co.kr/products/y0996214?gclid=Cj0KCQjwn9CgBhDjARIsAD15h0CpHmLorNYmBUp9XOE-7LU-U_naCLSfUcjgfkPTCVxOvWjWxVCV1fkaAhoEEALw_wcB,https://gift.kakao.com/product/2259144,https://www.coupang.com/np/search?component=&q=%EB%94%94%EC%98%AC+%EB%A6%BD%EA%B8%80%EB%A1%9C%EC%9A%B0&channel=user,https://search.shopping.naver.com/search/all?query=%EB%94%94%EC%98%AC%20%EC%96%B4%EB%94%95%ED%8A%B8%20%EB%A6%BD%20%EA%B8%80%EB%A1%9C%EC%9A%B0&cat_id=&frm=NVSHATC,"청량한 달콤함을 시작으로, 화이트 튤립의 푸른 잎사귀를 떠오르는 탬버린즈 퍼퓸 핸드크림이에요. 작은 크기에 들고 다니기 좋아요.","전문직, 사무직, 판매/서비스직, 학생, 전업주부, 무직, 기타","의사, 변호사, 검사, 변리사, 법무사, 노무사, 회계사, 세무사, 관세사, 교수, 마케터, 영업, 기획, 홍보, 인사, 경영지원, 총무, 호텔리어, 학원강사, 행사기획자, 게이머, 치위생사, 물리치료사, 상담사, 공무원, 심판, 여행사, 소방관, 경호원, 경비원, 경찰관, 중학생, 초등학생, 고등학생, 대학생, 대학원생",17,100,"생일, 이사/집들이, 취업/이직, 기념일","존경, 감사, 축하","여성, 남성",스몰럭셔리,"실용, 정성","가족, 친구, 연인"
01026,어딕트 립 글로우,디올,뷰티,"립, 틴트, 립글로즈, 립스틱, 립밤, 화장품, 색조",48000,https://shop.dior.co.kr/products/y0996214?gclid=Cj0KCQjwn9CgBhDjARIsAD15h0CpHmLorNYmBUp9XOE-7LU-U_naCLSfUcjgfkPTCVxOvWjWxVCV1fkaAhoEEALw_wcB,https://gift.kakao.com/product/2259144,https://www.coupang.com/np/search?component=&q=%EB%94%94%EC%98%AC+%EB%A6%BD%EA%B8%80%EB%A1%9C%EC%9A%B0&channel=user,https://search.shopping.naver.com/search/all?query=%EB%94%94%EC%98%AC%20%EC%96%B4%EB%94%95%ED%8A%B8%20%EB%A6%BD%20%EA%B8%80%EB%A1%9C%EC%9A%B0&cat_id=&frm=NVSHATC,"청량한 달콤함을 시작으로, 화이트 튤립의 푸른 잎사귀를 떠오르는 탬버린즈 퍼퓸 핸드크림이에요. 작은 크기에 들고 다니기 좋아요.","전문직, 사무직, 판매/서비스직, 학생, 전업주부, 무직, 기타","의사, 변호사, 검사, 변리사, 법무사, 노무사, 회계사, 세무사, 관세사, 교수, 마케터, 영업, 기획, 홍보, 인사, 경영지원, 총무, 호텔리어, 학원강사, 행사기획자, 게이머, 치위생사, 물리치료사, 상담사, 공무원, 심판, 여행사, 소방관, 경호원, 경비원, 경찰관, 중학생, 초등학생, 고등학생, 대학생, 대학원생",17,100,"생일, 이사/집들이, 취업/이직, 기념일","존경, 감사, 축하","여성, 남성",스몰럭셔리,"실용, 정성","가족, 친구, 연인"
01027,어딕트 립 글로우,디올,뷰티,"립, 틴트, 립글로즈, 립스틱, 립밤, 화장품, 색조",48000,https://shop.dior.co.kr/products/y0996214?gclid=Cj0KCQjwn9CgBhDjARIsAD15h0CpHmLorNYmBUp9XOE-7LU-U_naCLSfUcjgfkPTCVxOvWjWxVCV1fkaAhoEEALw_wcB,https://gift.kakao.com/product/2259144,https://www.coupang.com/np/search?component=&q=%EB%94%94%EC%98%AC+%EB%A6%BD%EA%B8%80%EB%A1%9C%EC%9A%B0&channel=user,https://search.shopping.naver.com/search/all?query=%EB%94%94%EC%98%AC%20%EC%96%B4%EB%94%95%ED%8A%B8%20%EB%A6%BD%20%EA%B8%80%EB%A1%9C%EC%9A%B0&cat_id=&frm=NVSHATC,"청량한 달콤함을 시작으로, 화이트 튤립의 푸른 잎사귀를 떠오르는 탬버린즈 퍼퓸 핸드크림이에요. 작은 크기에 들고 다니기 좋아요.","전문직, 사무직, 판매/서비스직, 학생, 전업주부, 무직, 기타","의사, 변호사, 검사, 변리사, 법무사, 노무사, 회계사, 세무사, 관세사, 교수, 마케터, 영업, 기획, 홍보, 인사, 경영지원, 총무, 호텔리어, 학원강사, 행사기획자, 게이머, 치위생사, 물리치료사, 상담사, 공무원, 심판, 여행사, 소방관, 경호원, 경비원, 경찰관, 중학생, 초등학생, 고등학생, 대학생, 대학원생",17,100,"생일, 이사/집들이, 취업/이직, 기념일","존경, 감사, 축하","여성, 남성",스몰럭셔리,"실용, 정성","가족, 친구, 연인"
01028,어딕트 립 글로우,디올,뷰티,"립, 틴트, 립글로즈, 립스틱, 립밤, 화장품, 색조",48000,https://shop.dior.co.kr/products/y0996214?gclid=Cj0KCQjwn9CgBhDjARIsAD15h0CpHmLorNYmBUp9XOE-7LU-U_naCLSfUcjgfkPTCVxOvWjWxVCV1fkaAhoEEALw_wcB,https://gift.kakao.com/product/2259144,https://www.coupang.com/np/search?component=&q=%EB%94%94%EC%98%AC+%EB%A6%BD%EA%B8%80%EB%A1%9C%EC%9A%B0&channel=user,https://search.shopping.naver.com/search/all?query=%EB%94%94%EC%98%AC%20%EC%96%B4%EB%94%95%ED%8A%B8%20%EB%A6%BD%20%EA%B8%80%EB%A1%9C%EC%9A%B0&cat_id=&frm=NVSHATC,"청량한 달콤함을 시작으로, 화이트 튤립의 푸른 잎사귀를 떠오르는 탬버린즈 퍼퓸 핸드크림이에요. 작은 크기에 들고 다니기 좋아요.","전문직, 사무직, 판매/서비스직, 학생, 전업주부, 무직, 기타","의사, 변호사, 검사, 변리사, 법무사, 노무사, 회계사, 세무사, 관세사, 교수, 마케터, 영업, 기획, 홍보, 인사, 경영지원, 총무, 호텔리어, 학원강사, 행사기획자, 게이머, 치위생사, 물리치료사, 상담사, 공무원, 심판, 여행사, 소방관, 경호원, 경비원, 경찰관, 중학생, 초등학생, 고등학생, 대학생, 대학원생",17,100,"생일, 이사/집들이, 취업/이직, 기념일","존경, 감사, 축하","여성, 남성",스몰럭셔리,"실용, 정성","가족, 친구, 연인"
01029,어딕트 립 글로우,디올,뷰티,"립, 틴트, 립글로즈, 립스틱, 립밤, 화장품, 색조",48000,https://shop.dior.co.kr/products/y0996214?gclid=Cj0KCQjwn9CgBhDjARIsAD15h0CpHmLorNYmBUp9XOE-7LU-U_naCLSfUcjgfkPTCVxOvWjWxVCV1fkaAhoEEALw_wcB,https://gift.kakao.com/product/2259144,https://www.coupang.com/np/search?component=&q=%EB%94%94%EC%98%AC+%EB%A6%BD%EA%B8%80%EB%A1%9C%EC%9A%B0&channel=user,https://search.shopping.naver.com/search/all?query=%EB%94%94%EC%98%AC%20%EC%96%B4%EB%94%95%ED%8A%B8%20%EB%A6%BD%20%EA%B8%80%EB%A1%9C%EC%9A%B0&cat_id=&frm=NVSHATC,"청량한 달콤함을 시작으로, 화이트 튤립의 푸른 잎사귀를 떠오르는 탬버린즈 퍼퓸 핸드크림이에요. 작은 크기에 들고 다니기 좋아요.","전문직, 사무직, 판매/서비스직, 학생, 전업주부, 무직, 기타","의사, 변호사, 검사, 변리사, 법무사, 노무사, 회계사, 세무사, 관세사, 교수, 마케터, 영업, 기획, 홍보, 인사, 경영지원, 총무, 호텔리어, 학원강사, 행사기획자, 게이머, 치위생사, 물리치료사, 상담사, 공무원, 심판, 여행사, 소방관, 경호원, 경비원, 경찰관, 중학생, 초등학생, 고등학생, 대학생, 대학원생",17,100,"생일, 이사/집들이, 취업/이직, 기념일","존경, 감사, 축하","여성, 남성",스몰럭셔리,"실용, 정성","가족, 친구, 연인"
01030,어딕트 립 글로우,디올,뷰티,"립, 틴트, 립글로즈, 립스틱, 립밤, 화장품, 색조",48000,https://shop.dior.co.kr/products/y0996214?gclid=Cj0KCQjwn9CgBhDjARIsAD15h0CpHmLorNYmBUp9XOE-7LU-U_naCLSfUcjgfkPTCVxOvWjWxVCV1fkaAhoEEALw_wcB,https://gift.kakao.com/product/2259144,https://www.coupang.com/np/search?component=&q=%EB%94%94%EC%98%AC+%EB%A6%BD%EA%B8%80%EB%A1%9C%EC%9A%B0&channel=user,https://search.shopping.naver.com/search/all?query=%EB%94%94%EC%98%AC%20%EC%96%B4%EB%94%95%ED%8A%B8%20%EB%A6%BD%20%EA%B8%80%EB%A1%9C%EC%9A%B0&cat_id=&frm=NVSHATC,"청량한 달콤함을 시작으로, 화이트 튤립의 푸른 잎사귀를 떠오르는 탬버린즈 퍼퓸 핸드크림이에요. 작은 크기에 들고 다니기 좋아요.","전문직, 사무직, 판매/서비스직, 학생, 전업주부, 무직, 기타","의사, 변호사, 검사, 변리사, 법무사, 노무사, 회계사, 세무사, 관세사, 교수, 마케터, 영업, 기획, 홍보, 인사, 경영지원, 총무, 호텔리어, 학원강사, 행사기획자, 게이머, 치위생사, 물리치료사, 상담사, 공무원, 심판, 여행사, 소방관, 경호원, 경비원, 경찰관, 중학생, 초등학생, 고등학생, 대학생, 대학원생",17,100,"생일, 이사/집들이, 취업/이직, 기념일","존경, 감사, 축하","여성, 남성",스몰럭셔리,"실용, 정성","가족, 친구, 연인"
01031,어딕트 립 글로우,디올,뷰티,"립, 틴트, 립글로즈, 립스틱, 립밤, 화장품, 색조",48000,https://shop.dior.co.kr/products/y0996214?gclid=Cj0KCQjwn9CgBhDjARIsAD15h0CpHmLorNYmBUp9XOE-7LU-U_naCLSfUcjgfkPTCVxOvWjWxVCV1fkaAhoEEALw_wcB,https://gift.kakao.com/product/2259144,https://www.coupang.com/np/search?component=&q=%EB%94%94%EC%98%AC+%EB%A6%BD%EA%B8%80%EB%A1%9C%EC%9A%B0&channel=user,https://search.shopping.naver.com/search/all?query=%EB%94%94%EC%98%AC%20%EC%96%B4%EB%94%95%ED%8A%B8%20%EB%A6%BD%20%EA%B8%80%EB%A1%9C%EC%9A%B0&cat_id=&frm=NVSHATC,"청량한 달콤함을 시작으로, 화이트 튤립의 푸른 잎사귀를 떠오르는 탬버린즈 퍼퓸 핸드크림이에요. 작은 크기에 들고 다니기 좋아요.","전문직, 사무직, 판매/서비스직, 학생, 전업주부, 무직, 기타","의사, 변호사, 검사, 변리사, 법무사, 노무사, 회계사, 세무사, 관세사, 교수, 마케터, 영업, 기획, 홍보, 인사, 경영지원, 총무, 호텔리어, 학원강사, 행사기획자, 게이머, 치위생사, 물리치료사, 상담사, 공무원, 심판, 여행사, 소방관, 경호원, 경비원, 경찰관, 중학생, 초등학생, 고등학생, 대학생, 대학원생",17,100,"생일, 이사/집들이, 취업/이직, 기념일","존경, 감사, 축하","여성, 남성",스몰럭셔리,"실용, 정성","가족, 친구, 연인"
01032,어딕트 립 글로우,디올,뷰티,"립, 틴트, 립글로즈, 립스틱, 립밤, 화장품, 색조",48000,https://shop.dior.co.kr/products/y0996214?gclid=Cj0KCQjwn9CgBhDjARIsAD15h0CpHmLorNYmBUp9XOE-7LU-U_naCLSfUcjgfkPTCVxOvWjWxVCV1fkaAhoEEALw_wcB,https://gift.kakao.com/product/2259144,https://www.coupang.com/np/search?component=&q=%EB%94%94%EC%98%AC+%EB%A6%BD%EA%B8%80%EB%A1%9C%EC%9A%B0&channel=user,https://search.shopping.naver.com/search/all?query=%EB%94%94%EC%98%AC%20%EC%96%B4%EB%94%95%ED%8A%B8%20%EB%A6%BD%20%EA%B8%80%EB%A1%9C%EC%9A%B0&cat_id=&frm=NVSHATC,"청량한 달콤함을 시작으로, 화이트 튤립의 푸른 잎사귀를 떠오르는 탬버린즈 퍼퓸 핸드크림이에요. 작은 크기에 들고 다니기 좋아요.","전문직, 사무직, 판매/서비스직, 학생, 전업주부, 무직, 기타","의사, 변호사, 검사, 변리사, 법무사, 노무사, 회계사, 세무사, 관세사, 교수, 마케터, 영업, 기획, 홍보, 인사, 경영지원, 총무, 호텔리어, 학원강사, 행사기획자, 게이머, 치위생사, 물리치료사, 상담사, 공무원, 심판, 여행사, 소방관, 경호원, 경비원, 경찰관, 중학생, 초등학생, 고등학생, 대학생, 대학원생",17,100,"생일, 이사/집들이, 취업/이직, 기념일","존경, 감사, 축하","여성, 남성",스몰럭셔리,"실용, 정성","가족, 친구, 연인"
01033,어딕트 립 글로우,디올,뷰티,"립, 틴트, 립글로즈, 립스틱, 립밤, 화장품, 색조",48000,https://shop.dior.co.kr/products/y0996214?gclid=Cj0KCQjwn9CgBhDjARIsAD15h0CpHmLorNYmBUp9XOE-7LU-U_naCLSfUcjgfkPTCVxOvWjWxVCV1fkaAhoEEALw_wcB,https://gift.kakao.com/product/2259144,https://www.coupang.com/np/search?component=&q=%EB%94%94%EC%98%AC+%EB%A6%BD%EA%B8%80%EB%A1%9C%EC%9A%B0&channel=user,https://search.shopping.naver.com/search/all?query=%EB%94%94%EC%98%AC%20%EC%96%B4%EB%94%95%ED%8A%B8%20%EB%A6%BD%20%EA%B8%80%EB%A1%9C%EC%9A%B0&cat_id=&frm=NVSHATC,"청량한 달콤함을 시작으로, 화이트 튤립의 푸른 잎사귀를 떠오르는 탬버린즈 퍼퓸 핸드크림이에요. 작은 크기에 들고 다니기 좋아요.","전문직, 사무직, 판매/서비스직, 학생, 전업주부, 무직, 기타","의사, 변호사, 검사, 변리사, 법무사, 노무사, 회계사, 세무사, 관세사, 교수, 마케터, 영업, 기획, 홍보, 인사, 경영지원, 총무, 호텔리어, 학원강사, 행사기획자, 게이머, 치위생사, 물리치료사, 상담사, 공무원, 심판, 여행사, 소방관, 경호원, 경비원, 경찰관, 중학생, 초등학생, 고등학생, 대학생, 대학원생",17,100,"생일, 이사/집들이, 취업/이직, 기념일","존경, 감사, 축하","여성, 남성",스몰럭셔리,"실용, 정성","가족, 친구, 연인"
01034,어딕트 립 글로우,디올,뷰티,"립, 틴트, 립글로즈, 립스틱, 립밤, 화장품, 색조",48000,https://shop.dior.co.kr/products/y0996214?gclid=Cj0KCQjwn9CgBhDjARIsAD15h0CpHmLorNYmBUp9XOE-7LU-U_naCLSfUcjgfkPTCVxOvWjWxVCV1fkaAhoEEALw_wcB,https://gift.kakao.com/product/2259144,https://www.coupang.com/np/search?component=&q=%EB%94%94%EC%98%AC+%EB%A6%BD%EA%B8%80%EB%A1%9C%EC%9A%B0&channel=user,https://search.shopping.naver.com/search/all?query=%EB%94%94%EC%98%AC%20%EC%96%B4%EB%94%95%ED%8A%B8%20%EB%A6%BD%20%EA%B8%80%EB%A1%9C%EC%9A%B0&cat_id=&frm=NVSHATC,"청량한 달콤함을 시작으로, 화이트 튤립의 푸른 잎사귀를 떠오르는 탬버린즈 퍼퓸 핸드크림이에요. 작은 크기에 들고 다니기 좋아요.","전문직, 사무직, 판매/서비스직, 학생, 전업주부, 무직, 기타","의사, 변호사, 검사, 변리사, 법무사, 노무사, 회계사, 세무사, 관세사, 교수, 마케터, 영업, 기획, 홍보, 인사, 경영지원, 총무, 호텔리어, 학원강사, 행사기획자, 게이머, 치위생사, 물리치료사, 상담사, 공무원, 심판, 여행사, 소방관, 경호원, 경비원, 경찰관, 중학생, 초등학생, 고등학생, 대학생, 대학원생",17,100,"생일, 이사/집들이, 취업/이직, 기념일","존경, 감사, 축하","여성, 남성",스몰럭셔리,"실용, 정성","가족, 친구, 연인"
01035,어딕트 립 글로우,디올,뷰티,"립, 틴트, 립글로즈, 립스틱, 립밤, 화장품, 색조",48000,https://shop.dior.co.kr/products/y0996214?gclid=Cj0KCQjwn9CgBhDjARIsAD15h0CpHmLorNYmBUp9XOE-7LU-U_naCLSfUcjgfkPTCVxOvWjWxVCV1fkaAhoEEALw_wcB,https://gift.kakao.com/product/2259144,https://www.coupang.com/np/search?component=&q=%EB%94%94%EC%98%AC+%EB%A6%BD%EA%B8%80%EB%A1%9C%EC%9A%B0&channel=user,https://search.shopping.naver.com/search/all?query=%EB%94%94%EC%98%AC%20%EC%96%B4%EB%94%95%ED%8A%B8%20%EB%A6%BD%20%EA%B8%80%EB%A1%9C%EC%9A%B0&cat_id=&frm=NVSHATC,"청량한 달콤함을 시작으로, 화이트 튤립의 푸른 잎사귀를 떠오르는 탬버린즈 퍼퓸 핸드크림이에요. 작은 크기에 들고 다니기 좋아요.","전문직, 사무직, 판매/서비스직, 학생, 전업주부, 무직, 기타","의사, 변호사, 검사, 변리사, 법무사, 노무사, 회계사, 세무사, 관세사, 교수, 마케터, 영업, 기획, 홍보, 인사, 경영지원, 총무, 호텔리어, 학원강사, 행사기획자, 게이머, 치위생사, 물리치료사, 상담사, 공무원, 심판, 여행사, 소방관, 경호원, 경비원, 경찰관, 중학생, 초등학생, 고등학생, 대학생, 대학원생",17,100,"생일, 이사/집들이, 취업/이직, 기념일","존경, 감사, 축하","여성, 남성",스몰럭셔리,"실용, 정성","가족, 친구, 연인"
01036,어딕트 립 글로우,디올,뷰티,"립, 틴트, 립글로즈, 립스틱, 립밤, 화장품, 색조",48000,https://shop.dior.co.kr/products/y0996214?gclid=Cj0KCQjwn9CgBhDjARIsAD15h0CpHmLorNYmBUp9XOE-7LU-U_naCLSfUcjgfkPTCVxOvWjWxVCV1fkaAhoEEALw_wcB,https://gift.kakao.com/product/2259144,https://www.coupang.com/np/search?component=&q=%EB%94%94%EC%98%AC+%EB%A6%BD%EA%B8%80%EB%A1%9C%EC%9A%B0&channel=user,https://search.shopping.naver.com/search/all?query=%EB%94%94%EC%98%AC%20%EC%96%B4%EB%94%95%ED%8A%B8%20%EB%A6%BD%20%EA%B8%80%EB%A1%9C%EC%9A%B0&cat_id=&frm=NVSHATC,"청량한 달콤함을 시작으로, 화이트 튤립의 푸른 잎사귀를 떠오르는 탬버린즈 퍼퓸 핸드크림이에요. 작은 크기에 들고 다니기 좋아요.","전문직, 사무직, 판매/서비스직, 학생, 전업주부, 무직, 기타","의사, 변호사, 검사, 변리사, 법무사, 노무사, 회계사, 세무사, 관세사, 교수, 마케터, 영업, 기획, 홍보, 인사, 경영지원, 총무, 호텔리어, 학원강사, 행사기획자, 게이머, 치위생사, 물리치료사, 상담사, 공무원, 심판, 여행사, 소방관, 경호원, 경비원, 경찰관, 중학생, 초등학생, 고등학생, 대학생, 대학원생",17,100,"생일, 이사/집들이, 취업/이직, 기념일","존경, 감사, 축하","여성, 남성",스몰럭셔리,"실용, 정성","가족, 친구, 연인"
01037,어딕트 립 글로우,디올,뷰티,"립, 틴트, 립글로즈, 립스틱, 립밤, 화장품, 색조",48000,https://shop.dior.co.kr/products/y0996214?gclid=Cj0KCQjwn9CgBhDjARIsAD15h0CpHmLorNYmBUp9XOE-7LU-U_naCLSfUcjgfkPTCVxOvWjWxVCV1fkaAhoEEALw_wcB,https://gift.kakao.com/product/2259144,https://www.coupang.com/np/search?component=&q=%EB%94%94%EC%98%AC+%EB%A6%BD%EA%B8%80%EB%A1%9C%EC%9A%B0&channel=user,https://search.shopping.naver.com/search/all?query=%EB%94%94%EC%98%AC%20%EC%96%B4%EB%94%95%ED%8A%B8%20%EB%A6%BD%20%EA%B8%80%EB%A1%9C%EC%9A%B0&cat_id=&frm=NVSHATC,"청량한 달콤함을 시작으로, 화이트 튤립의 푸른 잎사귀를 떠오르는 탬버린즈 퍼퓸 핸드크림이에요. 작은 크기에 들고 다니기 좋아요.","전문직, 사무직, 판매/서비스직, 학생, 전업주부, 무직, 기타","의사, 변호사, 검사, 변리사, 법무사, 노무사, 회계사, 세무사, 관세사, 교수, 마케터, 영업, 기획, 홍보, 인사, 경영지원, 총무, 호텔리어, 학원강사, 행사기획자, 게이머, 치위생사, 물리치료사, 상담사, 공무원, 심판, 여행사, 소방관, 경호원, 경비원, 경찰관, 중학생, 초등학생, 고등학생, 대학생, 대학원생",17,100,"생일, 이사/집들이, 취업/이직, 기념일","존경, 감사, 축하","여성, 남성",스몰럭셔리,"실용, 정성","가족, 친구, 연인"
01038,어딕트 립 글로우,디올,뷰티,"립, 틴트, 립글로즈, 립스틱, 립밤, 화장품, 색조",48000,https://shop.dior.co.kr/products/y0996214?gclid=Cj0KCQjwn9CgBhDjARIsAD15h0CpHmLorNYmBUp9XOE-7LU-U_naCLSfUcjgfkPTCVxOvWjWxVCV1fkaAhoEEALw_wcB,https://gift.kakao.com/product/2259144,https://www.coupang.com/np/search?component=&q=%EB%94%94%EC%98%AC+%EB%A6%BD%EA%B8%80%EB%A1%9C%EC%9A%B0&channel=user,https://search.shopping.naver.com/search/all?query=%EB%94%94%EC%98%AC%20%EC%96%B4%EB%94%95%ED%8A%B8%20%EB%A6%BD%20%EA%B8%80%EB%A1%9C%EC%9A%B0&cat_id=&frm=NVSHATC,"청량한 달콤함을 시작으로, 화이트 튤립의 푸른 잎사귀를 떠오르는 탬버린즈 퍼퓸 핸드크림이에요. 작은 크기에 들고 다니기 좋아요.","전문직, 사무직, 판매/서비스직, 학생, 전업주부, 무직, 기타","의사, 변호사, 검사, 변리사, 법무사, 노무사, 회계사, 세무사, 관세사, 교수, 마케터, 영업, 기획, 홍보, 인사, 경영지원, 총무, 호텔리어, 학원강사, 행사기획자, 게이머, 치위생사, 물리치료사, 상담사, 공무원, 심판, 여행사, 소방관, 경호원, 경비원, 경찰관, 중학생, 초등학생, 고등학생, 대학생, 대학원생",17,100,"생일, 이사/집들이, 취업/이직, 기념일","존경, 감사, 축하","여성, 남성",스몰럭셔리,"실용, 정성","가족, 친구, 연인"
01039,어딕트 립 글로우,디올,뷰티,"립, 틴트, 립글로즈, 립스틱, 립밤, 화장품, 색조",48000,https://shop.dior.co.kr/products/y0996214?gclid=Cj0KCQjwn9CgBhDjARIsAD15h0CpHmLorNYmBUp9XOE-7LU-U_naCLSfUcjgfkPTCVxOvWjWxVCV1fkaAhoEEALw_wcB,https://gift.kakao.com/product/2259144,https://www.coupang.com/np/search?component=&q=%EB%94%94%EC%98%AC+%EB%A6%BD%EA%B8%80%EB%A1%9C%EC%9A%B0&channel=user,https://search.shopping.naver.com/search/all?query=%EB%94%94%EC%98%AC%20%EC%96%B4%EB%94%95%ED%8A%B8%20%EB%A6%BD%20%EA%B8%80%EB%A1%9C%EC%9A%B0&cat_id=&frm=NVSHATC,"청량한 달콤함을 시작으로, 화이트 튤립의 푸른 잎사귀를 떠오르는 탬버린즈 퍼퓸 핸드크림이에요. 작은 크기에 들고 다니기 좋아요.","전문직, 사무직, 판매/서비스직, 학생, 전업주부, 무직, 기타","의사, 변호사, 검사, 변리사, 법무사, 노무사, 회계사, 세무사, 관세사, 교수, 마케터, 영업, 기획, 홍보, 인사, 경영지원, 총무, 호텔리어, 학원강사, 행사기획자, 게이머, 치위생사, 물리치료사, 상담사, 공무원, 심판, 여행사, 소방관, 경호원, 경비원, 경찰관, 중학생, 초등학생, 고등학생, 대학생, 대학원생",17,100,"생일, 이사/집들이, 취업/이직, 기념일","존경, 감사, 축하","여성, 남성",스몰럭셔리,"실용, 정성","가족, 친구, 연인"
01040,어딕트 립 글로우,디올,뷰티,"립, 틴트, 립글로즈, 립스틱, 립밤, 화장품, 색조",48000,https://shop.dior.co.kr/products/y0996214?gclid=Cj0KCQjwn9CgBhDjARIsAD15h0CpHmLorNYmBUp9XOE-7LU-U_naCLSfUcjgfkPTCVxOvWjWxVCV1fkaAhoEEALw_wcB,https://gift.kakao.com/product/2259144,https://www.coupang.com/np/search?component=&q=%EB%94%94%EC%98%AC+%EB%A6%BD%EA%B8%80%EB%A1%9C%EC%9A%B0&channel=user,https://search.shopping.naver.com/search/all?query=%EB%94%94%EC%98%AC%20%EC%96%B4%EB%94%95%ED%8A%B8%20%EB%A6%BD%20%EA%B8%80%EB%A1%9C%EC%9A%B0&cat_id=&frm=NVSHATC,"청량한 달콤함을 시작으로, 화이트 튤립의 푸른 잎사귀를 떠오르는 탬버린즈 퍼퓸 핸드크림이에요. 작은 크기에 들고 다니기 좋아요.","전문직, 사무직, 판매/서비스직, 학생, 전업주부, 무직, 기타","의사, 변호사, 검사, 변리사, 법무사, 노무사, 회계사, 세무사, 관세사, 교수, 마케터, 영업, 기획, 홍보, 인사, 경영지원, 총무, 호텔리어, 학원강사, 행사기획자, 게이머, 치위생사, 물리치료사, 상담사, 공무원, 심판, 여행사, 소방관, 경호원, 경비원, 경찰관, 중학생, 초등학생, 고등학생, 대학생, 대학원생",17,100,"생일, 이사/집들이, 취업/이직, 기념일","존경, 감사, 축하","여성, 남성",스몰럭셔리,"실용, 정성","가족, 친구, 연인"
01041,어딕트 립 글로우,디올,뷰티,"립, 틴트, 립글로즈, 립스틱, 립밤, 화장품, 색조",48000,https://shop.dior.co.kr/products/y0996214?gclid=Cj0KCQjwn9CgBhDjARIsAD15h0CpHmLorNYmBUp9XOE-7LU-U_naCLSfUcjgfkPTCVxOvWjWxVCV1fkaAhoEEALw_wcB,https://gift.kakao.com/product/2259144,https://www.coupang.com/np/search?component=&q=%EB%94%94%EC%98%AC+%EB%A6%BD%EA%B8%80%EB%A1%9C%EC%9A%B0&channel=user,https://search.shopping.naver.com/search/all?query=%EB%94%94%EC%98%AC%20%EC%96%B4%EB%94%95%ED%8A%B8%20%EB%A6%BD%20%EA%B8%80%EB%A1%9C%EC%9A%B0&cat_id=&frm=NVSHATC,"청량한 달콤함을 시작으로, 화이트 튤립의 푸른 잎사귀를 떠오르는 탬버린즈 퍼퓸 핸드크림이에요. 작은 크기에 들고 다니기 좋아요.","전문직, 사무직, 판매/서비스직, 학생, 전업주부, 무직, 기타","의사, 변호사, 검사, 변리사, 법무사, 노무사, 회계사, 세무사, 관세사, 교수, 마케터, 영업, 기획, 홍보, 인사, 경영지원, 총무, 호텔리어, 학원강사, 행사기획자, 게이머, 치위생사, 물리치료사, 상담사, 공무원, 심판, 여행사, 소방관, 경호원, 경비원, 경찰관, 중학생, 초등학생, 고등학생, 대학생, 대학원생",17,100,"생일, 이사/집들이, 취업/이직, 기념일","존경, 감사, 축하","여성, 남성",스몰럭셔리,"실용, 정성","가족, 친구, 연인"
01042,어딕트 립 글로우,디올,뷰티,"립, 틴트, 립글로즈, 립스틱, 립밤, 화장품, 색조",48000,https://shop.dior.co.kr/products/y0996214?gclid=Cj0KCQjwn9CgBhDjARIsAD15h0CpHmLorNYmBUp9XOE-7LU-U_naCLSfUcjgfkPTCVxOvWjWxVCV1fkaAhoEEALw_wcB,https://gift.kakao.com/product/2259144,https://www.coupang.com/np/search?component=&q=%EB%94%94%EC%98%AC+%EB%A6%BD%EA%B8%80%EB%A1%9C%EC%9A%B0&channel=user,https://search.shopping.naver.com/search/all?query=%EB%94%94%EC%98%AC%20%EC%96%B4%EB%94%95%ED%8A%B8%20%EB%A6%BD%20%EA%B8%80%EB%A1%9C%EC%9A%B0&cat_id=&frm=NVSHATC,"청량한 달콤함을 시작으로, 화이트 튤립의 푸른 잎사귀를 떠오르는 탬버린즈 퍼퓸 핸드크림이에요. 작은 크기에 들고 다니기 좋아요.","전문직, 사무직, 판매/서비스직, 학생, 전업주부, 무직, 기타","의사, 변호사, 검사, 변리사, 법무사, 노무사, 회계사, 세무사, 관세사, 교수, 마케터, 영업, 기획, 홍보, 인사, 경영지원, 총무, 호텔리어, 학원강사, 행사기획자, 게이머, 치위생사, 물리치료사, 상담사, 공무원, 심판, 여행사, 소방관, 경호원, 경비원, 경찰관, 중학생, 초등학생, 고등학생, 대학생, 대학원생",17,100,"생일, 이사/집들이, 취업/이직, 기념일","존경, 감사, 축하","여성, 남성",스몰럭셔리,"실용, 정성","가족, 친구, 연인"
01043,어딕트 립 글로우,디올,뷰티,"립, 틴트, 립글로즈, 립스틱, 립밤, 화장품, 색조",48000,https://shop.dior.co.kr/products/y0996214?gclid=Cj0KCQjwn9CgBhDjARIsAD15h0CpHmLorNYmBUp9XOE-7LU-U_naCLSfUcjgfkPTCVxOvWjWxVCV1fkaAhoEEALw_wcB,https://gift.kakao.com/product/2259144,https://www.coupang.com/np/search?component=&q=%EB%94%94%EC%98%AC+%EB%A6%BD%EA%B8%80%EB%A1%9C%EC%9A%B0&channel=user,https://search.shopping.naver.com/search/all?query=%EB%94%94%EC%98%AC%20%EC%96%B4%EB%94%95%ED%8A%B8%20%EB%A6%BD%20%EA%B8%80%EB%A1%9C%EC%9A%B0&cat_id=&frm=NVSHATC,"청량한 달콤함을 시작으로, 화이트 튤립의 푸른 잎사귀를 떠오르는 탬버린즈 퍼퓸 핸드크림이에요. 작은 크기에 들고 다니기 좋아요.","전문직, 사무직, 판매/서비스직, 학생, 전업주부, 무직, 기타","의사, 변호사, 검사, 변리사, 법무사, 노무사, 회계사, 세무사, 관세사, 교수, 마케터, 영업, 기획, 홍보, 인사, 경영지원, 총무, 호텔리어, 학원강사, 행사기획자, 게이머, 치위생사, 물리치료사, 상담사, 공무원, 심판, 여행사, 소방관, 경호원, 경비원, 경찰관, 중학생, 초등학생, 고등학생, 대학생, 대학원생",17,100,"생일, 이사/집들이, 취업/이직, 기념일","존경, 감사, 축하","여성, 남성",스몰럭셔리,"실용, 정성","가족, 친구, 연인"
01044,어딕트 립 글로우,디올,뷰티,"립, 틴트, 립글로즈, 립스틱, 립밤, 화장품, 색조",48000,https://shop.dior.co.kr/products/y0996214?gclid=Cj0KCQjwn9CgBhDjARIsAD15h0CpHmLorNYmBUp9XOE-7LU-U_naCLSfUcjgfkPTCVxOvWjWxVCV1fkaAhoEEALw_wcB,https://gift.kakao.com/product/2259144,https://www.coupang.com/np/search?component=&q=%EB%94%94%EC%98%AC+%EB%A6%BD%EA%B8%80%EB%A1%9C%EC%9A%B0&channel=user,https://search.shopping.naver.com/search/all?query=%EB%94%94%EC%98%AC%20%EC%96%B4%EB%94%95%ED%8A%B8%20%EB%A6%BD%20%EA%B8%80%EB%A1%9C%EC%9A%B0&cat_id=&frm=NVSHATC,"청량한 달콤함을 시작으로, 화이트 튤립의 푸른 잎사귀를 떠오르는 탬버린즈 퍼퓸 핸드크림이에요. 작은 크기에 들고 다니기 좋아요.","전문직, 사무직, 판매/서비스직, 학생, 전업주부, 무직, 기타","의사, 변호사, 검사, 변리사, 법무사, 노무사, 회계사, 세무사, 관세사, 교수, 마케터, 영업, 기획, 홍보, 인사, 경영지원, 총무, 호텔리어, 학원강사, 행사기획자, 게이머, 치위생사, 물리치료사, 상담사, 공무원, 심판, 여행사, 소방관, 경호원, 경비원, 경찰관, 중학생, 초등학생, 고등학생, 대학생, 대학원생",17,100,"생일, 이사/집들이, 취업/이직, 기념일","존경, 감사, 축하","여성, 남성",스몰럭셔리,"실용, 정성","가족, 친구, 연인"
01045,어딕트 립 글로우,디올,뷰티,"립, 틴트, 립글로즈, 립스틱, 립밤, 화장품, 색조",48000,https://shop.dior.co.kr/products/y0996214?gclid=Cj0KCQjwn9CgBhDjARIsAD15h0CpHmLorNYmBUp9XOE-7LU-U_naCLSfUcjgfkPTCVxOvWjWxVCV1fkaAhoEEALw_wcB,https://gift.kakao.com/product/2259144,https://www.coupang.com/np/search?component=&q=%EB%94%94%EC%98%AC+%EB%A6%BD%EA%B8%80%EB%A1%9C%EC%9A%B0&channel=user,https://search.shopping.naver.com/search/all?query=%EB%94%94%EC%98%AC%20%EC%96%B4%EB%94%95%ED%8A%B8%20%EB%A6%BD%20%EA%B8%80%EB%A1%9C%EC%9A%B0&cat_id=&frm=NVSHATC,"청량한 달콤함을 시작으로, 화이트 튤립의 푸른 잎사귀를 떠오르는 탬버린즈 퍼퓸 핸드크림이에요. 작은 크기에 들고 다니기 좋아요.","전문직, 사무직, 판매/서비스직, 학생, 전업주부, 무직, 기타","의사, 변호사, 검사, 변리사, 법무사, 노무사, 회계사, 세무사, 관세사, 교수, 마케터, 영업, 기획, 홍보, 인사, 경영지원, 총무, 호텔리어, 학원강사, 행사기획자, 게이머, 치위생사, 물리치료사, 상담사, 공무원, 심판, 여행사, 소방관, 경호원, 경비원, 경찰관, 중학생, 초등학생, 고등학생, 대학생, 대학원생",17,100,"생일, 이사/집들이, 취업/이직, 기념일","존경, 감사, 축하","여성, 남성",스몰럭셔리,"실용, 정성","가족, 친구, 연인"
01046,어딕트 립 글로우,디올,뷰티,"립, 틴트, 립글로즈, 립스틱, 립밤, 화장품, 색조",48000,https://shop.dior.co.kr/products/y0996214?gclid=Cj0KCQjwn9CgBhDjARIsAD15h0CpHmLorNYmBUp9XOE-7LU-U_naCLSfUcjgfkPTCVxOvWjWxVCV1fkaAhoEEALw_wcB,https://gift.kakao.com/product/2259144,https://www.coupang.com/np/search?component=&q=%EB%94%94%EC%98%AC+%EB%A6%BD%EA%B8%80%EB%A1%9C%EC%9A%B0&channel=user,https://search.shopping.naver.com/search/all?query=%EB%94%94%EC%98%AC%20%EC%96%B4%EB%94%95%ED%8A%B8%20%EB%A6%BD%20%EA%B8%80%EB%A1%9C%EC%9A%B0&cat_id=&frm=NVSHATC,"청량한 달콤함을 시작으로, 화이트 튤립의 푸른 잎사귀를 떠오르는 탬버린즈 퍼퓸 핸드크림이에요. 작은 크기에 들고 다니기 좋아요.","전문직, 사무직, 판매/서비스직, 학생, 전업주부, 무직, 기타","의사, 변호사, 검사, 변리사, 법무사, 노무사, 회계사, 세무사, 관세사, 교수, 마케터, 영업, 기획, 홍보, 인사, 경영지원, 총무, 호텔리어, 학원강사, 행사기획자, 게이머, 치위생사, 물리치료사, 상담사, 공무원, 심판, 여행사, 소방관, 경호원, 경비원, 경찰관, 중학생, 초등학생, 고등학생, 대학생, 대학원생",17,100,"생일, 이사/집들이, 취업/이직, 기념일","존경, 감사, 축하","여성, 남성",스몰럭셔리,"실용, 정성","가족, 친구, 연인"
01047,어딕트 립 글로우,디올,뷰티,"립, 틴트, 립글로즈, 립스틱, 립밤, 화장품, 색조",48000,https://shop.dior.co.kr/products/y0996214?gclid=Cj0KCQjwn9CgBhDjARIsAD15h0CpHmLorNYmBUp9XOE-7LU-U_naCLSfUcjgfkPTCVxOvWjWxVCV1fkaAhoEEALw_wcB,https://gift.kakao.com/product/2259144,https://www.coupang.com/np/search?component=&q=%EB%94%94%EC%98%AC+%EB%A6%BD%EA%B8%80%EB%A1%9C%EC%9A%B0&channel=user,https://search.shopping.naver.com/search/all?query=%EB%94%94%EC%98%AC%20%EC%96%B4%EB%94%95%ED%8A%B8%20%EB%A6%BD%20%EA%B8%80%EB%A1%9C%EC%9A%B0&cat_id=&frm=NVSHATC,"청량한 달콤함을 시작으로, 화이트 튤립의 푸른 잎사귀를 떠오르는 탬버린즈 퍼퓸 핸드크림이에요. 작은 크기에 들고 다니기 좋아요.","전문직, 사무직, 판매/서비스직, 학생, 전업주부, 무직, 기타","의사, 변호사, 검사, 변리사, 법무사, 노무사, 회계사, 세무사, 관세사, 교수, 마케터, 영업, 기획, 홍보, 인사, 경영지원, 총무, 호텔리어, 학원강사, 행사기획자, 게이머, 치위생사, 물리치료사, 상담사, 공무원, 심판, 여행사, 소방관, 경호원, 경비원, 경찰관, 중학생, 초등학생, 고등학생, 대학생, 대학원생",17,100,"생일, 이사/집들이, 취업/이직, 기념일","존경, 감사, 축하","여성, 남성",스몰럭셔리,"실용, 정성","가족, 친구, 연인"
01048,어딕트 립 글로우,디올,뷰티,"립, 틴트, 립글로즈, 립스틱, 립밤, 화장품, 색조",48000,https://shop.dior.co.kr/products/y0996214?gclid=Cj0KCQjwn9CgBhDjARIsAD15h0CpHmLorNYmBUp9XOE-7LU-U_naCLSfUcjgfkPTCVxOvWjWxVCV1fkaAhoEEALw_wcB,https://gift.kakao.com/product/2259144,https://www.coupang.com/np/search?component=&q=%EB%94%94%EC%98%AC+%EB%A6%BD%EA%B8%80%EB%A1%9C%EC%9A%B0&channel=user,https://search.shopping.naver.com/search/all?query=%EB%94%94%EC%98%AC%20%EC%96%B4%EB%94%95%ED%8A%B8%20%EB%A6%BD%20%EA%B8%80%EB%A1%9C%EC%9A%B0&cat_id=&frm=NVSHATC,"청량한 달콤함을 시작으로, 화이트 튤립의 푸른 잎사귀를 떠오르는 탬버린즈 퍼퓸 핸드크림이에요. 작은 크기에 들고 다니기 좋아요.","전문직, 사무직, 판매/서비스직, 학생, 전업주부, 무직, 기타","의사, 변호사, 검사, 변리사, 법무사, 노무사, 회계사, 세무사, 관세사, 교수, 마케터, 영업, 기획, 홍보, 인사, 경영지원, 총무, 호텔리어, 학원강사, 행사기획자, 게이머, 치위생사, 물리치료사, 상담사, 공무원, 심판, 여행사, 소방관, 경호원, 경비원, 경찰관, 중학생, 초등학생, 고등학생, 대학생, 대학원생",17,100,"생일, 이사/집들이, 취업/이직, 기념일","존경, 감사, 축하","여성, 남성",스몰럭셔리,"실용, 정성","가족, 친구, 연인"
01049,어딕트 립 글로우,디올,뷰티,"립, 틴트, 립글로즈, 립스틱, 립밤, 화장품, 색조",48000,https://shop.dior.co.kr/products/y0996214?gclid=Cj0KCQjwn9CgBhDjARIsAD15h0CpHmLorNYmBUp9XOE-7LU-U_naCLSfUcjgfkPTCVxOvWjWxVCV1fkaAhoEEALw_wcB,https://gift.kakao.com/product/2259144,https://www.coupang.com/np/search?component=&q=%EB%94%94%EC%98%AC+%EB%A6%BD%EA%B8%80%EB%A1%9C%EC%9A%B0&channel=user,https://search.shopping.naver.com/search/all?query=%EB%94%94%EC%98%AC%20%EC%96%B4%EB%94%95%ED%8A%B8%20%EB%A6%BD%20%EA%B8%80%EB%A1%9C%EC%9A%B0&cat_id=&frm=NVSHATC,"청량한 달콤함을 시작으로, 화이트 튤립의 푸른 잎사귀를 떠오르는 탬버린즈 퍼퓸 핸드크림이에요. 작은 크기에 들고 다니기 좋아요.","전문직, 사무직, 판매/서비스직, 학생, 전업주부, 무직, 기타","의사, 변호사, 검사, 변리사, 법무사, 노무사, 회계사, 세무사, 관세사, 교수, 마케터, 영업, 기획, 홍보, 인사, 경영지원, 총무, 호텔리어, 학원강사, 행사기획자, 게이머, 치위생사, 물리치료사, 상담사, 공무원, 심판, 여행사, 소방관, 경호원, 경비원, 경찰관, 중학생, 초등학생, 고등학생, 대학생, 대학원생",17,100,"생일, 이사/집들이, 취업/이직, 기념일","존경, 감사, 축하","여성, 남성",스몰럭셔리,"실용, 정성","가족, 친구, 연인"
01050,어딕트 립 글로우,디올,뷰티,"립, 틴트, 립글로즈, 립스틱, 립밤, 화장품, 색조",48000,https://shop.dior.co.kr/products/y0996214?gclid=Cj0KCQjwn9CgBhDjARIsAD15h0CpHmLorNYmBUp9XOE-7LU-U_naCLSfUcjgfkPTCVxOvWjWxVCV1fkaAhoEEALw_wcB,https://gift.kakao.com/product/2259144,https://www.coupang.com/np/search?component=&q=%EB%94%94%EC%98%AC+%EB%A6%BD%EA%B8%80%EB%A1%9C%EC%9A%B0&channel=user,https://search.shopping.naver.com/search/all?query=%EB%94%94%EC%98%AC%20%EC%96%B4%EB%94%95%ED%8A%B8%20%EB%A6%BD%20%EA%B8%80%EB%A1%9C%EC%9A%B0&cat_id=&frm=NVSHATC,"청량한 달콤함을 시작으로, 화이트 튤립의 푸른 잎사귀를 떠오르는 탬버린즈 퍼퓸 핸드크림이에요. 작은 크기에 들고 다니기 좋아요.","전문직, 사무직, 판매/서비스직, 학생, 전업주부, 무직, 기타","의사, 변호사, 검사, 변리사, 법무사, 노무사, 회계사, 세무사, 관세사, 교수, 마케터, 영업, 기획, 홍보, 인사, 경영지원, 총무, 호텔리어, 학원강사, 행사기획자, 게이머, 치위생사, 물리치료사, 상담사, 공무원, 심판, 여행사, 소방관, 경호원, 경비원, 경찰관, 중학생, 초등학생, 고등학생, 대학생, 대학원생",17,100,"생일, 이사/집들이, 취업/이직, 기념일","존경, 감사, 축하","여성, 남성",스몰럭셔리,"실용, 정성","가족, 친구, 연인"
01051,어딕트 립 글로우,디올,뷰티,"립, 틴트, 립글로즈, 립스틱, 립밤, 화장품, 색조",48000,https://shop.dior.co.kr/products/y0996214?gclid=Cj0KCQjwn9CgBhDjARIsAD15h0CpHmLorNYmBUp9XOE-7LU-U_naCLSfUcjgfkPTCVxOvWjWxVCV1fkaAhoEEALw_wcB,https://gift.kakao.com/product/2259144,https://www.coupang.com/np/search?component=&q=%EB%94%94%EC%98%AC+%EB%A6%BD%EA%B8%80%EB%A1%9C%EC%9A%B0&channel=user,https://search.shopping.naver.com/search/all?query=%EB%94%94%EC%98%AC%20%EC%96%B4%EB%94%95%ED%8A%B8%20%EB%A6%BD%20%EA%B8%80%EB%A1%9C%EC%9A%B0&cat_id=&frm=NVSHATC,"청량한 달콤함을 시작으로, 화이트 튤립의 푸른 잎사귀를 떠오르는 탬버린즈 퍼퓸 핸드크림이에요. 작은 크기에 들고 다니기 좋아요.","전문직, 사무직, 판매/서비스직, 학생, 전업주부, 무직, 기타","의사, 변호사, 검사, 변리사, 법무사, 노무사, 회계사, 세무사, 관세사, 교수, 마케터, 영업, 기획, 홍보, 인사, 경영지원, 총무, 호텔리어, 학원강사, 행사기획자, 게이머, 치위생사, 물리치료사, 상담사, 공무원, 심판, 여행사, 소방관, 경호원, 경비원, 경찰관, 중학생, 초등학생, 고등학생, 대학생, 대학원생",17,100,"생일, 이사/집들이, 취업/이직, 기념일","존경, 감사, 축하","여성, 남성",스몰럭셔리,"실용, 정성","가족, 친구, 연인"
01052,어딕트 립 글로우,디올,뷰티,"립, 틴트, 립글로즈, 립스틱, 립밤, 화장품, 색조",48000,https://shop.dior.co.kr/products/y0996214?gclid=Cj0KCQjwn9CgBhDjARIsAD15h0CpHmLorNYmBUp9XOE-7LU-U_naCLSfUcjgfkPTCVxOvWjWxVCV1fkaAhoEEALw_wcB,https://gift.kakao.com/product/2259144,https://www.coupang.com/np/search?component=&q=%EB%94%94%EC%98%AC+%EB%A6%BD%EA%B8%80%EB%A1%9C%EC%9A%B0&channel=user,https://search.shopping.naver.com/search/all?query=%EB%94%94%EC%98%AC%20%EC%96%B4%EB%94%95%ED%8A%B8%20%EB%A6%BD%20%EA%B8%80%EB%A1%9C%EC%9A%B0&cat_id=&frm=NVSHATC,"청량한 달콤함을 시작으로, 화이트 튤립의 푸른 잎사귀를 떠오르는 탬버린즈 퍼퓸 핸드크림이에요. 작은 크기에 들고 다니기 좋아요.","전문직, 사무직, 판매/서비스직, 학생, 전업주부, 무직, 기타","의사, 변호사, 검사, 변리사, 법무사, 노무사, 회계사, 세무사, 관세사, 교수, 마케터, 영업, 기획, 홍보, 인사, 경영지원, 총무, 호텔리어, 학원강사, 행사기획자, 게이머, 치위생사, 물리치료사, 상담사, 공무원, 심판, 여행사, 소방관, 경호원, 경비원, 경찰관, 중학생, 초등학생, 고등학생, 대학생, 대학원생",17,100,"생일, 이사/집들이, 취업/이직, 기념일","존경, 감사, 축하","여성, 남성",스몰럭셔리,"실용, 정성","가족, 친구, 연인"
01053,어딕트 립 글로우,디올,뷰티,"립, 틴트, 립글로즈, 립스틱, 립밤, 화장품, 색조",48000,https://shop.dior.co.kr/products/y0996214?gclid=Cj0KCQjwn9CgBhDjARIsAD15h0CpHmLorNYmBUp9XOE-7LU-U_naCLSfUcjgfkPTCVxOvWjWxVCV1fkaAhoEEALw_wcB,https://gift.kakao.com/product/2259144,https://www.coupang.com/np/search?component=&q=%EB%94%94%EC%98%AC+%EB%A6%BD%EA%B8%80%EB%A1%9C%EC%9A%B0&channel=user,https://search.shopping.naver.com/search/all?query=%EB%94%94%EC%98%AC%20%EC%96%B4%EB%94%95%ED%8A%B8%20%EB%A6%BD%20%EA%B8%80%EB%A1%9C%EC%9A%B0&cat_id=&frm=NVSHATC,"청량한 달콤함을 시작으로, 화이트 튤립의 푸른 잎사귀를 떠오르는 탬버린즈 퍼퓸 핸드크림이에요. 작은 크기에 들고 다니기 좋아요.","전문직, 사무직, 판매/서비스직, 학생, 전업주부, 무직, 기타","의사, 변호사, 검사, 변리사, 법무사, 노무사, 회계사, 세무사, 관세사, 교수, 마케터, 영업, 기획, 홍보, 인사, 경영지원, 총무, 호텔리어, 학원강사, 행사기획자, 게이머, 치위생사, 물리치료사, 상담사, 공무원, 심판, 여행사, 소방관, 경호원, 경비원, 경찰관, 중학생, 초등학생, 고등학생, 대학생, 대학원생",17,100,"생일, 이사/집들이, 취업/이직, 기념일","존경, 감사, 축하","여성, 남성",스몰럭셔리,"실용, 정성","가족, 친구, 연인"
01054,어딕트 립 글로우,디올,뷰티,"립, 틴트, 립글로즈, 립스틱, 립밤, 화장품, 색조",48000,https://shop.dior.co.kr/products/y0996214?gclid=Cj0KCQjwn9CgBhDjARIsAD15h0CpHmLorNYmBUp9XOE-7LU-U_naCLSfUcjgfkPTCVxOvWjWxVCV1fkaAhoEEALw_wcB,https://gift.kakao.com/product/2259144,https://www.coupang.com/np/search?component=&q=%EB%94%94%EC%98%AC+%EB%A6%BD%EA%B8%80%EB%A1%9C%EC%9A%B0&channel=user,https://search.shopping.naver.com/search/all?query=%EB%94%94%EC%98%AC%20%EC%96%B4%EB%94%95%ED%8A%B8%20%EB%A6%BD%20%EA%B8%80%EB%A1%9C%EC%9A%B0&cat_id=&frm=NVSHATC,"청량한 달콤함을 시작으로, 화이트 튤립의 푸른 잎사귀를 떠오르는 탬버린즈 퍼퓸 핸드크림이에요. 작은 크기에 들고 다니기 좋아요.","전문직, 사무직, 판매/서비스직, 학생, 전업주부, 무직, 기타","의사, 변호사, 검사, 변리사, 법무사, 노무사, 회계사, 세무사, 관세사, 교수, 마케터, 영업, 기획, 홍보, 인사, 경영지원, 총무, 호텔리어, 학원강사, 행사기획자, 게이머, 치위생사, 물리치료사, 상담사, 공무원, 심판, 여행사, 소방관, 경호원, 경비원, 경찰관, 중학생, 초등학생, 고등학생, 대학생, 대학원생",17,100,"생일, 이사/집들이, 취업/이직, 기념일","존경, 감사, 축하","여성, 남성",스몰럭셔리,"실용, 정성","가족, 친구, 연인"
01055,어딕트 립 글로우,디올,뷰티,"립, 틴트, 립글로즈, 립스틱, 립밤, 화장품, 색조",48000,https://shop.dior.co.kr/products/y0996214?gclid=Cj0KCQjwn9CgBhDjARIsAD15h0CpHmLorNYmBUp9XOE-7LU-U_naCLSfUcjgfkPTCVxOvWjWxVCV1fkaAhoEEALw_wcB,https://gift.kakao.com/product/2259144,https://www.coupang.com/np/search?component=&q=%EB%94%94%EC%98%AC+%EB%A6%BD%EA%B8%80%EB%A1%9C%EC%9A%B0&channel=user,https://search.shopping.naver.com/search/all?query=%EB%94%94%EC%98%AC%20%EC%96%B4%EB%94%95%ED%8A%B8%20%EB%A6%BD%20%EA%B8%80%EB%A1%9C%EC%9A%B0&cat_id=&frm=NVSHATC,"청량한 달콤함을 시작으로, 화이트 튤립의 푸른 잎사귀를 떠오르는 탬버린즈 퍼퓸 핸드크림이에요. 작은 크기에 들고 다니기 좋아요.","전문직, 사무직, 판매/서비스직, 학생, 전업주부, 무직, 기타","의사, 변호사, 검사, 변리사, 법무사, 노무사, 회계사, 세무사, 관세사, 교수, 마케터, 영업, 기획, 홍보, 인사, 경영지원, 총무, 호텔리어, 학원강사, 행사기획자, 게이머, 치위생사, 물리치료사, 상담사, 공무원, 심판, 여행사, 소방관, 경호원, 경비원, 경찰관, 중학생, 초등학생, 고등학생, 대학생, 대학원생",17,100,"생일, 이사/집들이, 취업/이직, 기념일","존경, 감사, 축하","여성, 남성",스몰럭셔리,"실용, 정성","가족, 친구, 연인"
01056,어딕트 립 글로우,디올,뷰티,"립, 틴트, 립글로즈, 립스틱, 립밤, 화장품, 색조",48000,https://shop.dior.co.kr/products/y0996214?gclid=Cj0KCQjwn9CgBhDjARIsAD15h0CpHmLorNYmBUp9XOE-7LU-U_naCLSfUcjgfkPTCVxOvWjWxVCV1fkaAhoEEALw_wcB,https://gift.kakao.com/product/2259144,https://www.coupang.com/np/search?component=&q=%EB%94%94%EC%98%AC+%EB%A6%BD%EA%B8%80%EB%A1%9C%EC%9A%B0&channel=user,https://search.shopping.naver.com/search/all?query=%EB%94%94%EC%98%AC%20%EC%96%B4%EB%94%95%ED%8A%B8%20%EB%A6%BD%20%EA%B8%80%EB%A1%9C%EC%9A%B0&cat_id=&frm=NVSHATC,"청량한 달콤함을 시작으로, 화이트 튤립의 푸른 잎사귀를 떠오르는 탬버린즈 퍼퓸 핸드크림이에요. 작은 크기에 들고 다니기 좋아요.","전문직, 사무직, 판매/서비스직, 학생, 전업주부, 무직, 기타","의사, 변호사, 검사, 변리사, 법무사, 노무사, 회계사, 세무사, 관세사, 교수, 마케터, 영업, 기획, 홍보, 인사, 경영지원, 총무, 호텔리어, 학원강사, 행사기획자, 게이머, 치위생사, 물리치료사, 상담사, 공무원, 심판, 여행사, 소방관, 경호원, 경비원, 경찰관, 중학생, 초등학생, 고등학생, 대학생, 대학원생",17,100,"생일, 이사/집들이, 취업/이직, 기념일","존경, 감사, 축하","여성, 남성",스몰럭셔리,"실용, 정성","가족, 친구, 연인"
01057,어딕트 립 글로우,디올,뷰티,"립, 틴트, 립글로즈, 립스틱, 립밤, 화장품, 색조",48000,https://shop.dior.co.kr/products/y0996214?gclid=Cj0KCQjwn9CgBhDjARIsAD15h0CpHmLorNYmBUp9XOE-7LU-U_naCLSfUcjgfkPTCVxOvWjWxVCV1fkaAhoEEALw_wcB,https://gift.kakao.com/product/2259144,https://www.coupang.com/np/search?component=&q=%EB%94%94%EC%98%AC+%EB%A6%BD%EA%B8%80%EB%A1%9C%EC%9A%B0&channel=user,https://search.shopping.naver.com/search/all?query=%EB%94%94%EC%98%AC%20%EC%96%B4%EB%94%95%ED%8A%B8%20%EB%A6%BD%20%EA%B8%80%EB%A1%9C%EC%9A%B0&cat_id=&frm=NVSHATC,"청량한 달콤함을 시작으로, 화이트 튤립의 푸른 잎사귀를 떠오르는 탬버린즈 퍼퓸 핸드크림이에요. 작은 크기에 들고 다니기 좋아요.","전문직, 사무직, 판매/서비스직, 학생, 전업주부, 무직, 기타","의사, 변호사, 검사, 변리사, 법무사, 노무사, 회계사, 세무사, 관세사, 교수, 마케터, 영업, 기획, 홍보, 인사, 경영지원, 총무, 호텔리어, 학원강사, 행사기획자, 게이머, 치위생사, 물리치료사, 상담사, 공무원, 심판, 여행사, 소방관, 경호원, 경비원, 경찰관, 중학생, 초등학생, 고등학생, 대학생, 대학원생",17,100,"생일, 이사/집들이, 취업/이직, 기념일","존경, 감사, 축하","여성, 남성",스몰럭셔리,"실용, 정성","가족, 친구, 연인"
01058,어딕트 립 글로우,디올,뷰티,"립, 틴트, 립글로즈, 립스틱, 립밤, 화장품, 색조",48000,https://shop.dior.co.kr/products/y0996214?gclid=Cj0KCQjwn9CgBhDjARIsAD15h0CpHmLorNYmBUp9XOE-7LU-U_naCLSfUcjgfkPTCVxOvWjWxVCV1fkaAhoEEALw_wcB,https://gift.kakao.com/product/2259144,https://www.coupang.com/np/search?component=&q=%EB%94%94%EC%98%AC+%EB%A6%BD%EA%B8%80%EB%A1%9C%EC%9A%B0&channel=user,https://search.shopping.naver.com/search/all?query=%EB%94%94%EC%98%AC%20%EC%96%B4%EB%94%95%ED%8A%B8%20%EB%A6%BD%20%EA%B8%80%EB%A1%9C%EC%9A%B0&cat_id=&frm=NVSHATC,"청량한 달콤함을 시작으로, 화이트 튤립의 푸른 잎사귀를 떠오르는 탬버린즈 퍼퓸 핸드크림이에요. 작은 크기에 들고 다니기 좋아요.","전문직, 사무직, 판매/서비스직, 학생, 전업주부, 무직, 기타","의사, 변호사, 검사, 변리사, 법무사, 노무사, 회계사, 세무사, 관세사, 교수, 마케터, 영업, 기획, 홍보, 인사, 경영지원, 총무, 호텔리어, 학원강사, 행사기획자, 게이머, 치위생사, 물리치료사, 상담사, 공무원, 심판, 여행사, 소방관, 경호원, 경비원, 경찰관, 중학생, 초등학생, 고등학생, 대학생, 대학원생",17,100,"생일, 이사/집들이, 취업/이직, 기념일","존경, 감사, 축하","여성, 남성",스몰럭셔리,"실용, 정성","가족, 친구, 연인"
01059,어딕트 립 글로우,디올,뷰티,"립, 틴트, 립글로즈, 립스틱, 립밤, 화장품, 색조",48000,https://shop.dior.co.kr/products/y0996214?gclid=Cj0KCQjwn9CgBhDjARIsAD15h0CpHmLorNYmBUp9XOE-7LU-U_naCLSfUcjgfkPTCVxOvWjWxVCV1fkaAhoEEALw_wcB,https://gift.kakao.com/product/2259144,https://www.coupang.com/np/search?component=&q=%EB%94%94%EC%98%AC+%EB%A6%BD%EA%B8%80%EB%A1%9C%EC%9A%B0&channel=user,https://search.shopping.naver.com/search/all?query=%EB%94%94%EC%98%AC%20%EC%96%B4%EB%94%95%ED%8A%B8%20%EB%A6%BD%20%EA%B8%80%EB%A1%9C%EC%9A%B0&cat_id=&frm=NVSHATC,"청량한 달콤함을 시작으로, 화이트 튤립의 푸른 잎사귀를 떠오르는 탬버린즈 퍼퓸 핸드크림이에요. 작은 크기에 들고 다니기 좋아요.","전문직, 사무직, 판매/서비스직, 학생, 전업주부, 무직, 기타","의사, 변호사, 검사, 변리사, 법무사, 노무사, 회계사, 세무사, 관세사, 교수, 마케터, 영업, 기획, 홍보, 인사, 경영지원, 총무, 호텔리어, 학원강사, 행사기획자, 게이머, 치위생사, 물리치료사, 상담사, 공무원, 심판, 여행사, 소방관, 경호원, 경비원, 경찰관, 중학생, 초등학생, 고등학생, 대학생, 대학원생",17,100,"생일, 이사/집들이, 취업/이직, 기념일","존경, 감사, 축하","여성, 남성",스몰럭셔리,"실용, 정성","가족, 친구, 연인"
01060,어딕트 립 글로우,디올,뷰티,"립, 틴트, 립글로즈, 립스틱, 립밤, 화장품, 색조",48000,https://shop.dior.co.kr/products/y0996214?gclid=Cj0KCQjwn9CgBhDjARIsAD15h0CpHmLorNYmBUp9XOE-7LU-U_naCLSfUcjgfkPTCVxOvWjWxVCV1fkaAhoEEALw_wcB,https://gift.kakao.com/product/2259144,https://www.coupang.com/np/search?component=&q=%EB%94%94%EC%98%AC+%EB%A6%BD%EA%B8%80%EB%A1%9C%EC%9A%B0&channel=user,https://search.shopping.naver.com/search/all?query=%EB%94%94%EC%98%AC%20%EC%96%B4%EB%94%95%ED%8A%B8%20%EB%A6%BD%20%EA%B8%80%EB%A1%9C%EC%9A%B0&cat_id=&frm=NVSHATC,"청량한 달콤함을 시작으로, 화이트 튤립의 푸른 잎사귀를 떠오르는 탬버린즈 퍼퓸 핸드크림이에요. 작은 크기에 들고 다니기 좋아요.","전문직, 사무직, 판매/서비스직, 학생, 전업주부, 무직, 기타","의사, 변호사, 검사, 변리사, 법무사, 노무사, 회계사, 세무사, 관세사, 교수, 마케터, 영업, 기획, 홍보, 인사, 경영지원, 총무, 호텔리어, 학원강사, 행사기획자, 게이머, 치위생사, 물리치료사, 상담사, 공무원, 심판, 여행사, 소방관, 경호원, 경비원, 경찰관, 중학생, 초등학생, 고등학생, 대학생, 대학원생",17,100,"생일, 이사/집들이, 취업/이직, 기념일","존경, 감사, 축하","여성, 남성",스몰럭셔리,"실용, 정성","가족, 친구, 연인"
01061,어딕트 립 글로우,디올,뷰티,"립, 틴트, 립글로즈, 립스틱, 립밤, 화장품, 색조",48000,https://shop.dior.co.kr/products/y0996214?gclid=Cj0KCQjwn9CgBhDjARIsAD15h0CpHmLorNYmBUp9XOE-7LU-U_naCLSfUcjgfkPTCVxOvWjWxVCV1fkaAhoEEALw_wcB,https://gift.kakao.com/product/2259144,https://www.coupang.com/np/search?component=&q=%EB%94%94%EC%98%AC+%EB%A6%BD%EA%B8%80%EB%A1%9C%EC%9A%B0&channel=user,https://search.shopping.naver.com/search/all?query=%EB%94%94%EC%98%AC%20%EC%96%B4%EB%94%95%ED%8A%B8%20%EB%A6%BD%20%EA%B8%80%EB%A1%9C%EC%9A%B0&cat_id=&frm=NVSHATC,"청량한 달콤함을 시작으로, 화이트 튤립의 푸른 잎사귀를 떠오르는 탬버린즈 퍼퓸 핸드크림이에요. 작은 크기에 들고 다니기 좋아요.","전문직, 사무직, 판매/서비스직, 학생, 전업주부, 무직, 기타","의사, 변호사, 검사, 변리사, 법무사, 노무사, 회계사, 세무사, 관세사, 교수, 마케터, 영업, 기획, 홍보, 인사, 경영지원, 총무, 호텔리어, 학원강사, 행사기획자, 게이머, 치위생사, 물리치료사, 상담사, 공무원, 심판, 여행사, 소방관, 경호원, 경비원, 경찰관, 중학생, 초등학생, 고등학생, 대학생, 대학원생",17,100,"생일, 이사/집들이, 취업/이직, 기념일","존경, 감사, 축하","여성, 남성",스몰럭셔리,"실용, 정성","가족, 친구, 연인"
01062,어딕트 립 글로우,디올,뷰티,"립, 틴트, 립글로즈, 립스틱, 립밤, 화장품, 색조",48000,https://shop.dior.co.kr/products/y0996214?gclid=Cj0KCQjwn9CgBhDjARIsAD15h0CpHmLorNYmBUp9XOE-7LU-U_naCLSfUcjgfkPTCVxOvWjWxVCV1fkaAhoEEALw_wcB,https://gift.kakao.com/product/2259144,https://www.coupang.com/np/search?component=&q=%EB%94%94%EC%98%AC+%EB%A6%BD%EA%B8%80%EB%A1%9C%EC%9A%B0&channel=user,https://search.shopping.naver.com/search/all?query=%EB%94%94%EC%98%AC%20%EC%96%B4%EB%94%95%ED%8A%B8%20%EB%A6%BD%20%EA%B8%80%EB%A1%9C%EC%9A%B0&cat_id=&frm=NVSHATC,"청량한 달콤함을 시작으로, 화이트 튤립의 푸른 잎사귀를 떠오르는 탬버린즈 퍼퓸 핸드크림이에요. 작은 크기에 들고 다니기 좋아요.","전문직, 사무직, 판매/서비스직, 학생, 전업주부, 무직, 기타","의사, 변호사, 검사, 변리사, 법무사, 노무사, 회계사, 세무사, 관세사, 교수, 마케터, 영업, 기획, 홍보, 인사, 경영지원, 총무, 호텔리어, 학원강사, 행사기획자, 게이머, 치위생사, 물리치료사, 상담사, 공무원, 심판, 여행사, 소방관, 경호원, 경비원, 경찰관, 중학생, 초등학생, 고등학생, 대학생, 대학원생",17,100,"생일, 이사/집들이, 취업/이직, 기념일","존경, 감사, 축하","여성, 남성",스몰럭셔리,"실용, 정성","가족, 친구, 연인"
01063,어딕트 립 글로우,디올,뷰티,"립, 틴트, 립글로즈, 립스틱, 립밤, 화장품, 색조",48000,https://shop.dior.co.kr/products/y0996214?gclid=Cj0KCQjwn9CgBhDjARIsAD15h0CpHmLorNYmBUp9XOE-7LU-U_naCLSfUcjgfkPTCVxOvWjWxVCV1fkaAhoEEALw_wcB,https://gift.kakao.com/product/2259144,https://www.coupang.com/np/search?component=&q=%EB%94%94%EC%98%AC+%EB%A6%BD%EA%B8%80%EB%A1%9C%EC%9A%B0&channel=user,https://search.shopping.naver.com/search/all?query=%EB%94%94%EC%98%AC%20%EC%96%B4%EB%94%95%ED%8A%B8%20%EB%A6%BD%20%EA%B8%80%EB%A1%9C%EC%9A%B0&cat_id=&frm=NVSHATC,"청량한 달콤함을 시작으로, 화이트 튤립의 푸른 잎사귀를 떠오르는 탬버린즈 퍼퓸 핸드크림이에요. 작은 크기에 들고 다니기 좋아요.","전문직, 사무직, 판매/서비스직, 학생, 전업주부, 무직, 기타","의사, 변호사, 검사, 변리사, 법무사, 노무사, 회계사, 세무사, 관세사, 교수, 마케터, 영업, 기획, 홍보, 인사, 경영지원, 총무, 호텔리어, 학원강사, 행사기획자, 게이머, 치위생사, 물리치료사, 상담사, 공무원, 심판, 여행사, 소방관, 경호원, 경비원, 경찰관, 중학생, 초등학생, 고등학생, 대학생, 대학원생",17,100,"생일, 이사/집들이, 취업/이직, 기념일","존경, 감사, 축하","여성, 남성",스몰럭셔리,"실용, 정성","가족, 친구, 연인"
01064,어딕트 립 글로우,디올,뷰티,"립, 틴트, 립글로즈, 립스틱, 립밤, 화장품, 색조",48000,https://shop.dior.co.kr/products/y0996214?gclid=Cj0KCQjwn9CgBhDjARIsAD15h0CpHmLorNYmBUp9XOE-7LU-U_naCLSfUcjgfkPTCVxOvWjWxVCV1fkaAhoEEALw_wcB,https://gift.kakao.com/product/2259144,https://www.coupang.com/np/search?component=&q=%EB%94%94%EC%98%AC+%EB%A6%BD%EA%B8%80%EB%A1%9C%EC%9A%B0&channel=user,https://search.shopping.naver.com/search/all?query=%EB%94%94%EC%98%AC%20%EC%96%B4%EB%94%95%ED%8A%B8%20%EB%A6%BD%20%EA%B8%80%EB%A1%9C%EC%9A%B0&cat_id=&frm=NVSHATC,"청량한 달콤함을 시작으로, 화이트 튤립의 푸른 잎사귀를 떠오르는 탬버린즈 퍼퓸 핸드크림이에요. 작은 크기에 들고 다니기 좋아요.","전문직, 사무직, 판매/서비스직, 학생, 전업주부, 무직, 기타","의사, 변호사, 검사, 변리사, 법무사, 노무사, 회계사, 세무사, 관세사, 교수, 마케터, 영업, 기획, 홍보, 인사, 경영지원, 총무, 호텔리어, 학원강사, 행사기획자, 게이머, 치위생사, 물리치료사, 상담사, 공무원, 심판, 여행사, 소방관, 경호원, 경비원, 경찰관, 중학생, 초등학생, 고등학생, 대학생, 대학원생",17,100,"생일, 이사/집들이, 취업/이직, 기념일","존경, 감사, 축하","여성, 남성",스몰럭셔리,"실용, 정성","가족, 친구, 연인"
01065,어딕트 립 글로우,디올,뷰티,"립, 틴트, 립글로즈, 립스틱, 립밤, 화장품, 색조",48000,https://shop.dior.co.kr/products/y0996214?gclid=Cj0KCQjwn9CgBhDjARIsAD15h0CpHmLorNYmBUp9XOE-7LU-U_naCLSfUcjgfkPTCVxOvWjWxVCV1fkaAhoEEALw_wcB,https://gift.kakao.com/product/2259144,https://www.coupang.com/np/search?component=&q=%EB%94%94%EC%98%AC+%EB%A6%BD%EA%B8%80%EB%A1%9C%EC%9A%B0&channel=user,https://search.shopping.naver.com/search/all?query=%EB%94%94%EC%98%AC%20%EC%96%B4%EB%94%95%ED%8A%B8%20%EB%A6%BD%20%EA%B8%80%EB%A1%9C%EC%9A%B0&cat_id=&frm=NVSHATC,"청량한 달콤함을 시작으로, 화이트 튤립의 푸른 잎사귀를 떠오르는 탬버린즈 퍼퓸 핸드크림이에요. 작은 크기에 들고 다니기 좋아요.","전문직, 사무직, 판매/서비스직, 학생, 전업주부, 무직, 기타","의사, 변호사, 검사, 변리사, 법무사, 노무사, 회계사, 세무사, 관세사, 교수, 마케터, 영업, 기획, 홍보, 인사, 경영지원, 총무, 호텔리어, 학원강사, 행사기획자, 게이머, 치위생사, 물리치료사, 상담사, 공무원, 심판, 여행사, 소방관, 경호원, 경비원, 경찰관, 중학생, 초등학생, 고등학생, 대학생, 대학원생",17,100,"생일, 이사/집들이, 취업/이직, 기념일","존경, 감사, 축하","여성, 남성",스몰럭셔리,"실용, 정성","가족, 친구, 연인"
01066,어딕트 립 글로우,디올,뷰티,"립, 틴트, 립글로즈, 립스틱, 립밤, 화장품, 색조",48000,https://shop.dior.co.kr/products/y0996214?gclid=Cj0KCQjwn9CgBhDjARIsAD15h0CpHmLorNYmBUp9XOE-7LU-U_naCLSfUcjgfkPTCVxOvWjWxVCV1fkaAhoEEALw_wcB,https://gift.kakao.com/product/2259144,https://www.coupang.com/np/search?component=&q=%EB%94%94%EC%98%AC+%EB%A6%BD%EA%B8%80%EB%A1%9C%EC%9A%B0&channel=user,https://search.shopping.naver.com/search/all?query=%EB%94%94%EC%98%AC%20%EC%96%B4%EB%94%95%ED%8A%B8%20%EB%A6%BD%20%EA%B8%80%EB%A1%9C%EC%9A%B0&cat_id=&frm=NVSHATC,"청량한 달콤함을 시작으로, 화이트 튤립의 푸른 잎사귀를 떠오르는 탬버린즈 퍼퓸 핸드크림이에요. 작은 크기에 들고 다니기 좋아요.","전문직, 사무직, 판매/서비스직, 학생, 전업주부, 무직, 기타","의사, 변호사, 검사, 변리사, 법무사, 노무사, 회계사, 세무사, 관세사, 교수, 마케터, 영업, 기획, 홍보, 인사, 경영지원, 총무, 호텔리어, 학원강사, 행사기획자, 게이머, 치위생사, 물리치료사, 상담사, 공무원, 심판, 여행사, 소방관, 경호원, 경비원, 경찰관, 중학생, 초등학생, 고등학생, 대학생, 대학원생",17,100,"생일, 이사/집들이, 취업/이직, 기념일","존경, 감사, 축하","여성, 남성",스몰럭셔리,"실용, 정성","가족, 친구, 연인"
01067,어딕트 립 글로우,디올,뷰티,"립, 틴트, 립글로즈, 립스틱, 립밤, 화장품, 색조",48000,https://shop.dior.co.kr/products/y0996214?gclid=Cj0KCQjwn9CgBhDjARIsAD15h0CpHmLorNYmBUp9XOE-7LU-U_naCLSfUcjgfkPTCVxOvWjWxVCV1fkaAhoEEALw_wcB,https://gift.kakao.com/product/2259144,https://www.coupang.com/np/search?component=&q=%EB%94%94%EC%98%AC+%EB%A6%BD%EA%B8%80%EB%A1%9C%EC%9A%B0&channel=user,https://search.shopping.naver.com/search/all?query=%EB%94%94%EC%98%AC%20%EC%96%B4%EB%94%95%ED%8A%B8%20%EB%A6%BD%20%EA%B8%80%EB%A1%9C%EC%9A%B0&cat_id=&frm=NVSHATC,"청량한 달콤함을 시작으로, 화이트 튤립의 푸른 잎사귀를 떠오르는 탬버린즈 퍼퓸 핸드크림이에요. 작은 크기에 들고 다니기 좋아요.","전문직, 사무직, 판매/서비스직, 학생, 전업주부, 무직, 기타","의사, 변호사, 검사, 변리사, 법무사, 노무사, 회계사, 세무사, 관세사, 교수, 마케터, 영업, 기획, 홍보, 인사, 경영지원, 총무, 호텔리어, 학원강사, 행사기획자, 게이머, 치위생사, 물리치료사, 상담사, 공무원, 심판, 여행사, 소방관, 경호원, 경비원, 경찰관, 중학생, 초등학생, 고등학생, 대학생, 대학원생",17,100,"생일, 이사/집들이, 취업/이직, 기념일","존경, 감사, 축하","여성, 남성",스몰럭셔리,"실용, 정성","가족, 친구, 연인"
01068,어딕트 립 글로우,디올,뷰티,"립, 틴트, 립글로즈, 립스틱, 립밤, 화장품, 색조",48000,https://shop.dior.co.kr/products/y0996214?gclid=Cj0KCQjwn9CgBhDjARIsAD15h0CpHmLorNYmBUp9XOE-7LU-U_naCLSfUcjgfkPTCVxOvWjWxVCV1fkaAhoEEALw_wcB,https://gift.kakao.com/product/2259144,https://www.coupang.com/np/search?component=&q=%EB%94%94%EC%98%AC+%EB%A6%BD%EA%B8%80%EB%A1%9C%EC%9A%B0&channel=user,https://search.shopping.naver.com/search/all?query=%EB%94%94%EC%98%AC%20%EC%96%B4%EB%94%95%ED%8A%B8%20%EB%A6%BD%20%EA%B8%80%EB%A1%9C%EC%9A%B0&cat_id=&frm=NVSHATC,"청량한 달콤함을 시작으로, 화이트 튤립의 푸른 잎사귀를 떠오르는 탬버린즈 퍼퓸 핸드크림이에요. 작은 크기에 들고 다니기 좋아요.","전문직, 사무직, 판매/서비스직, 학생, 전업주부, 무직, 기타","의사, 변호사, 검사, 변리사, 법무사, 노무사, 회계사, 세무사, 관세사, 교수, 마케터, 영업, 기획, 홍보, 인사, 경영지원, 총무, 호텔리어, 학원강사, 행사기획자, 게이머, 치위생사, 물리치료사, 상담사, 공무원, 심판, 여행사, 소방관, 경호원, 경비원, 경찰관, 중학생, 초등학생, 고등학생, 대학생, 대학원생",17,100,"생일, 이사/집들이, 취업/이직, 기념일","존경, 감사, 축하","여성, 남성",스몰럭셔리,"실용, 정성","가족, 친구, 연인"
01069,어딕트 립 글로우,디올,뷰티,"립, 틴트, 립글로즈, 립스틱, 립밤, 화장품, 색조",48000,https://shop.dior.co.kr/products/y0996214?gclid=Cj0KCQjwn9CgBhDjARIsAD15h0CpHmLorNYmBUp9XOE-7LU-U_naCLSfUcjgfkPTCVxOvWjWxVCV1fkaAhoEEALw_wcB,https://gift.kakao.com/product/2259144,https://www.coupang.com/np/search?component=&q=%EB%94%94%EC%98%AC+%EB%A6%BD%EA%B8%80%EB%A1%9C%EC%9A%B0&channel=user,https://search.shopping.naver.com/search/all?query=%EB%94%94%EC%98%AC%20%EC%96%B4%EB%94%95%ED%8A%B8%20%EB%A6%BD%20%EA%B8%80%EB%A1%9C%EC%9A%B0&cat_id=&frm=NVSHATC,"청량한 달콤함을 시작으로, 화이트 튤립의 푸른 잎사귀를 떠오르는 탬버린즈 퍼퓸 핸드크림이에요. 작은 크기에 들고 다니기 좋아요.","전문직, 사무직, 판매/서비스직, 학생, 전업주부, 무직, 기타","의사, 변호사, 검사, 변리사, 법무사, 노무사, 회계사, 세무사, 관세사, 교수, 마케터, 영업, 기획, 홍보, 인사, 경영지원, 총무, 호텔리어, 학원강사, 행사기획자, 게이머, 치위생사, 물리치료사, 상담사, 공무원, 심판, 여행사, 소방관, 경호원, 경비원, 경찰관, 중학생, 초등학생, 고등학생, 대학생, 대학원생",17,100,"생일, 이사/집들이, 취업/이직, 기념일","존경, 감사, 축하","여성, 남성",스몰럭셔리,"실용, 정성","가족, 친구, 연인"
01070,어딕트 립 글로우,디올,뷰티,"립, 틴트, 립글로즈, 립스틱, 립밤, 화장품, 색조",48000,https://shop.dior.co.kr/products/y0996214?gclid=Cj0KCQjwn9CgBhDjARIsAD15h0CpHmLorNYmBUp9XOE-7LU-U_naCLSfUcjgfkPTCVxOvWjWxVCV1fkaAhoEEALw_wcB,https://gift.kakao.com/product/2259144,https://www.coupang.com/np/search?component=&q=%EB%94%94%EC%98%AC+%EB%A6%BD%EA%B8%80%EB%A1%9C%EC%9A%B0&channel=user,https://search.shopping.naver.com/search/all?query=%EB%94%94%EC%98%AC%20%EC%96%B4%EB%94%95%ED%8A%B8%20%EB%A6%BD%20%EA%B8%80%EB%A1%9C%EC%9A%B0&cat_id=&frm=NVSHATC,"청량한 달콤함을 시작으로, 화이트 튤립의 푸른 잎사귀를 떠오르는 탬버린즈 퍼퓸 핸드크림이에요. 작은 크기에 들고 다니기 좋아요.","전문직, 사무직, 판매/서비스직, 학생, 전업주부, 무직, 기타","의사, 변호사, 검사, 변리사, 법무사, 노무사, 회계사, 세무사, 관세사, 교수, 마케터, 영업, 기획, 홍보, 인사, 경영지원, 총무, 호텔리어, 학원강사, 행사기획자, 게이머, 치위생사, 물리치료사, 상담사, 공무원, 심판, 여행사, 소방관, 경호원, 경비원, 경찰관, 중학생, 초등학생, 고등학생, 대학생, 대학원생",17,100,"생일, 이사/집들이, 취업/이직, 기념일","존경, 감사, 축하","여성, 남성",스몰럭셔리,"실용, 정성","가족, 친구, 연인"
01071,어딕트 립 글로우,디올,뷰티,"립, 틴트, 립글로즈, 립스틱, 립밤, 화장품, 색조",48000,https://shop.dior.co.kr/products/y0996214?gclid=Cj0KCQjwn9CgBhDjARIsAD15h0CpHmLorNYmBUp9XOE-7LU-U_naCLSfUcjgfkPTCVxOvWjWxVCV1fkaAhoEEALw_wcB,https://gift.kakao.com/product/2259144,https://www.coupang.com/np/search?component=&q=%EB%94%94%EC%98%AC+%EB%A6%BD%EA%B8%80%EB%A1%9C%EC%9A%B0&channel=user,https://search.shopping.naver.com/search/all?query=%EB%94%94%EC%98%AC%20%EC%96%B4%EB%94%95%ED%8A%B8%20%EB%A6%BD%20%EA%B8%80%EB%A1%9C%EC%9A%B0&cat_id=&frm=NVSHATC,"청량한 달콤함을 시작으로, 화이트 튤립의 푸른 잎사귀를 떠오르는 탬버린즈 퍼퓸 핸드크림이에요. 작은 크기에 들고 다니기 좋아요.","전문직, 사무직, 판매/서비스직, 학생, 전업주부, 무직, 기타","의사, 변호사, 검사, 변리사, 법무사, 노무사, 회계사, 세무사, 관세사, 교수, 마케터, 영업, 기획, 홍보, 인사, 경영지원, 총무, 호텔리어, 학원강사, 행사기획자, 게이머, 치위생사, 물리치료사, 상담사, 공무원, 심판, 여행사, 소방관, 경호원, 경비원, 경찰관, 중학생, 초등학생, 고등학생, 대학생, 대학원생",17,100,"생일, 이사/집들이, 취업/이직, 기념일","존경, 감사, 축하","여성, 남성",스몰럭셔리,"실용, 정성","가족, 친구, 연인"
01072,어딕트 립 글로우,디올,뷰티,"립, 틴트, 립글로즈, 립스틱, 립밤, 화장품, 색조",48000,https://shop.dior.co.kr/products/y0996214?gclid=Cj0KCQjwn9CgBhDjARIsAD15h0CpHmLorNYmBUp9XOE-7LU-U_naCLSfUcjgfkPTCVxOvWjWxVCV1fkaAhoEEALw_wcB,https://gift.kakao.com/product/2259144,https://www.coupang.com/np/search?component=&q=%EB%94%94%EC%98%AC+%EB%A6%BD%EA%B8%80%EB%A1%9C%EC%9A%B0&channel=user,https://search.shopping.naver.com/search/all?query=%EB%94%94%EC%98%AC%20%EC%96%B4%EB%94%95%ED%8A%B8%20%EB%A6%BD%20%EA%B8%80%EB%A1%9C%EC%9A%B0&cat_id=&frm=NVSHATC,"청량한 달콤함을 시작으로, 화이트 튤립의 푸른 잎사귀를 떠오르는 탬버린즈 퍼퓸 핸드크림이에요. 작은 크기에 들고 다니기 좋아요.","전문직, 사무직, 판매/서비스직, 학생, 전업주부, 무직, 기타","의사, 변호사, 검사, 변리사, 법무사, 노무사, 회계사, 세무사, 관세사, 교수, 마케터, 영업, 기획, 홍보, 인사, 경영지원, 총무, 호텔리어, 학원강사, 행사기획자, 게이머, 치위생사, 물리치료사, 상담사, 공무원, 심판, 여행사, 소방관, 경호원, 경비원, 경찰관, 중학생, 초등학생, 고등학생, 대학생, 대학원생",17,100,"생일, 이사/집들이, 취업/이직, 기념일","존경, 감사, 축하","여성, 남성",스몰럭셔리,"실용, 정성","가족, 친구, 연인"
01073,어딕트 립 글로우,디올,뷰티,"립, 틴트, 립글로즈, 립스틱, 립밤, 화장품, 색조",48000,https://shop.dior.co.kr/products/y0996214?gclid=Cj0KCQjwn9CgBhDjARIsAD15h0CpHmLorNYmBUp9XOE-7LU-U_naCLSfUcjgfkPTCVxOvWjWxVCV1fkaAhoEEALw_wcB,https://gift.kakao.com/product/2259144,https://www.coupang.com/np/search?component=&q=%EB%94%94%EC%98%AC+%EB%A6%BD%EA%B8%80%EB%A1%9C%EC%9A%B0&channel=user,https://search.shopping.naver.com/search/all?query=%EB%94%94%EC%98%AC%20%EC%96%B4%EB%94%95%ED%8A%B8%20%EB%A6%BD%20%EA%B8%80%EB%A1%9C%EC%9A%B0&cat_id=&frm=NVSHATC,"청량한 달콤함을 시작으로, 화이트 튤립의 푸른 잎사귀를 떠오르는 탬버린즈 퍼퓸 핸드크림이에요. 작은 크기에 들고 다니기 좋아요.","전문직, 사무직, 판매/서비스직, 학생, 전업주부, 무직, 기타","의사, 변호사, 검사, 변리사, 법무사, 노무사, 회계사, 세무사, 관세사, 교수, 마케터, 영업, 기획, 홍보, 인사, 경영지원, 총무, 호텔리어, 학원강사, 행사기획자, 게이머, 치위생사, 물리치료사, 상담사, 공무원, 심판, 여행사, 소방관, 경호원, 경비원, 경찰관, 중학생, 초등학생, 고등학생, 대학생, 대학원생",17,100,"생일, 이사/집들이, 취업/이직, 기념일","존경, 감사, 축하","여성, 남성",스몰럭셔리,"실용, 정성","가족, 친구, 연인"
01074,어딕트 립 글로우,디올,뷰티,"립, 틴트, 립글로즈, 립스틱, 립밤, 화장품, 색조",48000,https://shop.dior.co.kr/products/y0996214?gclid=Cj0KCQjwn9CgBhDjARIsAD15h0CpHmLorNYmBUp9XOE-7LU-U_naCLSfUcjgfkPTCVxOvWjWxVCV1fkaAhoEEALw_wcB,https://gift.kakao.com/product/2259144,https://www.coupang.com/np/search?component=&q=%EB%94%94%EC%98%AC+%EB%A6%BD%EA%B8%80%EB%A1%9C%EC%9A%B0&channel=user,https://search.shopping.naver.com/search/all?query=%EB%94%94%EC%98%AC%20%EC%96%B4%EB%94%95%ED%8A%B8%20%EB%A6%BD%20%EA%B8%80%EB%A1%9C%EC%9A%B0&cat_id=&frm=NVSHATC,"청량한 달콤함을 시작으로, 화이트 튤립의 푸른 잎사귀를 떠오르는 탬버린즈 퍼퓸 핸드크림이에요. 작은 크기에 들고 다니기 좋아요.","전문직, 사무직, 판매/서비스직, 학생, 전업주부, 무직, 기타","의사, 변호사, 검사, 변리사, 법무사, 노무사, 회계사, 세무사, 관세사, 교수, 마케터, 영업, 기획, 홍보, 인사, 경영지원, 총무, 호텔리어, 학원강사, 행사기획자, 게이머, 치위생사, 물리치료사, 상담사, 공무원, 심판, 여행사, 소방관, 경호원, 경비원, 경찰관, 중학생, 초등학생, 고등학생, 대학생, 대학원생",17,100,"생일, 이사/집들이, 취업/이직, 기념일","존경, 감사, 축하","여성, 남성",스몰럭셔리,"실용, 정성","가족, 친구, 연인"
01075,어딕트 립 글로우,디올,뷰티,"립, 틴트, 립글로즈, 립스틱, 립밤, 화장품, 색조",48000,https://shop.dior.co.kr/products/y0996214?gclid=Cj0KCQjwn9CgBhDjARIsAD15h0CpHmLorNYmBUp9XOE-7LU-U_naCLSfUcjgfkPTCVxOvWjWxVCV1fkaAhoEEALw_wcB,https://gift.kakao.com/product/2259144,https://www.coupang.com/np/search?component=&q=%EB%94%94%EC%98%AC+%EB%A6%BD%EA%B8%80%EB%A1%9C%EC%9A%B0&channel=user,https://search.shopping.naver.com/search/all?query=%EB%94%94%EC%98%AC%20%EC%96%B4%EB%94%95%ED%8A%B8%20%EB%A6%BD%20%EA%B8%80%EB%A1%9C%EC%9A%B0&cat_id=&frm=NVSHATC,"청량한 달콤함을 시작으로, 화이트 튤립의 푸른 잎사귀를 떠오르는 탬버린즈 퍼퓸 핸드크림이에요. 작은 크기에 들고 다니기 좋아요.","전문직, 사무직, 판매/서비스직, 학생, 전업주부, 무직, 기타","의사, 변호사, 검사, 변리사, 법무사, 노무사, 회계사, 세무사, 관세사, 교수, 마케터, 영업, 기획, 홍보, 인사, 경영지원, 총무, 호텔리어, 학원강사, 행사기획자, 게이머, 치위생사, 물리치료사, 상담사, 공무원, 심판, 여행사, 소방관, 경호원, 경비원, 경찰관, 중학생, 초등학생, 고등학생, 대학생, 대학원생",17,100,"생일, 이사/집들이, 취업/이직, 기념일","존경, 감사, 축하","여성, 남성",스몰럭셔리,"실용, 정성","가족, 친구, 연인"
01076,어딕트 립 글로우,디올,뷰티,"립, 틴트, 립글로즈, 립스틱, 립밤, 화장품, 색조",48000,https://shop.dior.co.kr/products/y0996214?gclid=Cj0KCQjwn9CgBhDjARIsAD15h0CpHmLorNYmBUp9XOE-7LU-U_naCLSfUcjgfkPTCVxOvWjWxVCV1fkaAhoEEALw_wcB,https://gift.kakao.com/product/2259144,https://www.coupang.com/np/search?component=&q=%EB%94%94%EC%98%AC+%EB%A6%BD%EA%B8%80%EB%A1%9C%EC%9A%B0&channel=user,https://search.shopping.naver.com/search/all?query=%EB%94%94%EC%98%AC%20%EC%96%B4%EB%94%95%ED%8A%B8%20%EB%A6%BD%20%EA%B8%80%EB%A1%9C%EC%9A%B0&cat_id=&frm=NVSHATC,"청량한 달콤함을 시작으로, 화이트 튤립의 푸른 잎사귀를 떠오르는 탬버린즈 퍼퓸 핸드크림이에요. 작은 크기에 들고 다니기 좋아요.","전문직, 사무직, 판매/서비스직, 학생, 전업주부, 무직, 기타","의사, 변호사, 검사, 변리사, 법무사, 노무사, 회계사, 세무사, 관세사, 교수, 마케터, 영업, 기획, 홍보, 인사, 경영지원, 총무, 호텔리어, 학원강사, 행사기획자, 게이머, 치위생사, 물리치료사, 상담사, 공무원, 심판, 여행사, 소방관, 경호원, 경비원, 경찰관, 중학생, 초등학생, 고등학생, 대학생, 대학원생",17,100,"생일, 이사/집들이, 취업/이직, 기념일","존경, 감사, 축하","여성, 남성",스몰럭셔리,"실용, 정성","가족, 친구, 연인"
01077,어딕트 립 글로우,디올,뷰티,"립, 틴트, 립글로즈, 립스틱, 립밤, 화장품, 색조",48000,https://shop.dior.co.kr/products/y0996214?gclid=Cj0KCQjwn9CgBhDjARIsAD15h0CpHmLorNYmBUp9XOE-7LU-U_naCLSfUcjgfkPTCVxOvWjWxVCV1fkaAhoEEALw_wcB,https://gift.kakao.com/product/2259144,https://www.coupang.com/np/search?component=&q=%EB%94%94%EC%98%AC+%EB%A6%BD%EA%B8%80%EB%A1%9C%EC%9A%B0&channel=user,https://search.shopping.naver.com/search/all?query=%EB%94%94%EC%98%AC%20%EC%96%B4%EB%94%95%ED%8A%B8%20%EB%A6%BD%20%EA%B8%80%EB%A1%9C%EC%9A%B0&cat_id=&frm=NVSHATC,"청량한 달콤함을 시작으로, 화이트 튤립의 푸른 잎사귀를 떠오르는 탬버린즈 퍼퓸 핸드크림이에요. 작은 크기에 들고 다니기 좋아요.","전문직, 사무직, 판매/서비스직, 학생, 전업주부, 무직, 기타","의사, 변호사, 검사, 변리사, 법무사, 노무사, 회계사, 세무사, 관세사, 교수, 마케터, 영업, 기획, 홍보, 인사, 경영지원, 총무, 호텔리어, 학원강사, 행사기획자, 게이머, 치위생사, 물리치료사, 상담사, 공무원, 심판, 여행사, 소방관, 경호원, 경비원, 경찰관, 중학생, 초등학생, 고등학생, 대학생, 대학원생",17,100,"생일, 이사/집들이, 취업/이직, 기념일","존경, 감사, 축하","여성, 남성",스몰럭셔리,"실용, 정성","가족, 친구, 연인"
01078,어딕트 립 글로우,디올,뷰티,"립, 틴트, 립글로즈, 립스틱, 립밤, 화장품, 색조",48000,https://shop.dior.co.kr/products/y0996214?gclid=Cj0KCQjwn9CgBhDjARIsAD15h0CpHmLorNYmBUp9XOE-7LU-U_naCLSfUcjgfkPTCVxOvWjWxVCV1fkaAhoEEALw_wcB,https://gift.kakao.com/product/2259144,https://www.coupang.com/np/search?component=&q=%EB%94%94%EC%98%AC+%EB%A6%BD%EA%B8%80%EB%A1%9C%EC%9A%B0&channel=user,https://search.shopping.naver.com/search/all?query=%EB%94%94%EC%98%AC%20%EC%96%B4%EB%94%95%ED%8A%B8%20%EB%A6%BD%20%EA%B8%80%EB%A1%9C%EC%9A%B0&cat_id=&frm=NVSHATC,"청량한 달콤함을 시작으로, 화이트 튤립의 푸른 잎사귀를 떠오르는 탬버린즈 퍼퓸 핸드크림이에요. 작은 크기에 들고 다니기 좋아요.","전문직, 사무직, 판매/서비스직, 학생, 전업주부, 무직, 기타","의사, 변호사, 검사, 변리사, 법무사, 노무사, 회계사, 세무사, 관세사, 교수, 마케터, 영업, 기획, 홍보, 인사, 경영지원, 총무, 호텔리어, 학원강사, 행사기획자, 게이머, 치위생사, 물리치료사, 상담사, 공무원, 심판, 여행사, 소방관, 경호원, 경비원, 경찰관, 중학생, 초등학생, 고등학생, 대학생, 대학원생",17,100,"생일, 이사/집들이, 취업/이직, 기념일","존경, 감사, 축하","여성, 남성",스몰럭셔리,"실용, 정성","가족, 친구, 연인"
01079,어딕트 립 글로우,디올,뷰티,"립, 틴트, 립글로즈, 립스틱, 립밤, 화장품, 색조",48000,https://shop.dior.co.kr/products/y0996214?gclid=Cj0KCQjwn9CgBhDjARIsAD15h0CpHmLorNYmBUp9XOE-7LU-U_naCLSfUcjgfkPTCVxOvWjWxVCV1fkaAhoEEALw_wcB,https://gift.kakao.com/product/2259144,https://www.coupang.com/np/search?component=&q=%EB%94%94%EC%98%AC+%EB%A6%BD%EA%B8%80%EB%A1%9C%EC%9A%B0&channel=user,https://search.shopping.naver.com/search/all?query=%EB%94%94%EC%98%AC%20%EC%96%B4%EB%94%95%ED%8A%B8%20%EB%A6%BD%20%EA%B8%80%EB%A1%9C%EC%9A%B0&cat_id=&frm=NVSHATC,"청량한 달콤함을 시작으로, 화이트 튤립의 푸른 잎사귀를 떠오르는 탬버린즈 퍼퓸 핸드크림이에요. 작은 크기에 들고 다니기 좋아요.","전문직, 사무직, 판매/서비스직, 학생, 전업주부, 무직, 기타","의사, 변호사, 검사, 변리사, 법무사, 노무사, 회계사, 세무사, 관세사, 교수, 마케터, 영업, 기획, 홍보, 인사, 경영지원, 총무, 호텔리어, 학원강사, 행사기획자, 게이머, 치위생사, 물리치료사, 상담사, 공무원, 심판, 여행사, 소방관, 경호원, 경비원, 경찰관, 중학생, 초등학생, 고등학생, 대학생, 대학원생",17,100,"생일, 이사/집들이, 취업/이직, 기념일","존경, 감사, 축하","여성, 남성",스몰럭셔리,"실용, 정성","가족, 친구, 연인"
01080,어딕트 립 글로우,디올,뷰티,"립, 틴트, 립글로즈, 립스틱, 립밤, 화장품, 색조",48000,https://shop.dior.co.kr/products/y0996214?gclid=Cj0KCQjwn9CgBhDjARIsAD15h0CpHmLorNYmBUp9XOE-7LU-U_naCLSfUcjgfkPTCVxOvWjWxVCV1fkaAhoEEALw_wcB,https://gift.kakao.com/product/2259144,https://www.coupang.com/np/search?component=&q=%EB%94%94%EC%98%AC+%EB%A6%BD%EA%B8%80%EB%A1%9C%EC%9A%B0&channel=user,https://search.shopping.naver.com/search/all?query=%EB%94%94%EC%98%AC%20%EC%96%B4%EB%94%95%ED%8A%B8%20%EB%A6%BD%20%EA%B8%80%EB%A1%9C%EC%9A%B0&cat_id=&frm=NVSHATC,"청량한 달콤함을 시작으로, 화이트 튤립의 푸른 잎사귀를 떠오르는 탬버린즈 퍼퓸 핸드크림이에요. 작은 크기에 들고 다니기 좋아요.","전문직, 사무직, 판매/서비스직, 학생, 전업주부, 무직, 기타","의사, 변호사, 검사, 변리사, 법무사, 노무사, 회계사, 세무사, 관세사, 교수, 마케터, 영업, 기획, 홍보, 인사, 경영지원, 총무, 호텔리어, 학원강사, 행사기획자, 게이머, 치위생사, 물리치료사, 상담사, 공무원, 심판, 여행사, 소방관, 경호원, 경비원, 경찰관, 중학생, 초등학생, 고등학생, 대학생, 대학원생",17,100,"생일, 이사/집들이, 취업/이직, 기념일","존경, 감사, 축하","여성, 남성",스몰럭셔리,"실용, 정성","가족, 친구, 연인"
01081,어딕트 립 글로우,디올,뷰티,"립, 틴트, 립글로즈, 립스틱, 립밤, 화장품, 색조",48000,https://shop.dior.co.kr/products/y0996214?gclid=Cj0KCQjwn9CgBhDjARIsAD15h0CpHmLorNYmBUp9XOE-7LU-U_naCLSfUcjgfkPTCVxOvWjWxVCV1fkaAhoEEALw_wcB,https://gift.kakao.com/product/2259144,https://www.coupang.com/np/search?component=&q=%EB%94%94%EC%98%AC+%EB%A6%BD%EA%B8%80%EB%A1%9C%EC%9A%B0&channel=user,https://search.shopping.naver.com/search/all?query=%EB%94%94%EC%98%AC%20%EC%96%B4%EB%94%95%ED%8A%B8%20%EB%A6%BD%20%EA%B8%80%EB%A1%9C%EC%9A%B0&cat_id=&frm=NVSHATC,"청량한 달콤함을 시작으로, 화이트 튤립의 푸른 잎사귀를 떠오르는 탬버린즈 퍼퓸 핸드크림이에요. 작은 크기에 들고 다니기 좋아요.","전문직, 사무직, 판매/서비스직, 학생, 전업주부, 무직, 기타","의사, 변호사, 검사, 변리사, 법무사, 노무사, 회계사, 세무사, 관세사, 교수, 마케터, 영업, 기획, 홍보, 인사, 경영지원, 총무, 호텔리어, 학원강사, 행사기획자, 게이머, 치위생사, 물리치료사, 상담사, 공무원, 심판, 여행사, 소방관, 경호원, 경비원, 경찰관, 중학생, 초등학생, 고등학생, 대학생, 대학원생",17,100,"생일, 이사/집들이, 취업/이직, 기념일","존경, 감사, 축하","여성, 남성",스몰럭셔리,"실용, 정성","가족, 친구, 연인"
01082,어딕트 립 글로우,디올,뷰티,"립, 틴트, 립글로즈, 립스틱, 립밤, 화장품, 색조",48000,https://shop.dior.co.kr/products/y0996214?gclid=Cj0KCQjwn9CgBhDjARIsAD15h0CpHmLorNYmBUp9XOE-7LU-U_naCLSfUcjgfkPTCVxOvWjWxVCV1fkaAhoEEALw_wcB,https://gift.kakao.com/product/2259144,https://www.coupang.com/np/search?component=&q=%EB%94%94%EC%98%AC+%EB%A6%BD%EA%B8%80%EB%A1%9C%EC%9A%B0&channel=user,https://search.shopping.naver.com/search/all?query=%EB%94%94%EC%98%AC%20%EC%96%B4%EB%94%95%ED%8A%B8%20%EB%A6%BD%20%EA%B8%80%EB%A1%9C%EC%9A%B0&cat_id=&frm=NVSHATC,"청량한 달콤함을 시작으로, 화이트 튤립의 푸른 잎사귀를 떠오르는 탬버린즈 퍼퓸 핸드크림이에요. 작은 크기에 들고 다니기 좋아요.","전문직, 사무직, 판매/서비스직, 학생, 전업주부, 무직, 기타","의사, 변호사, 검사, 변리사, 법무사, 노무사, 회계사, 세무사, 관세사, 교수, 마케터, 영업, 기획, 홍보, 인사, 경영지원, 총무, 호텔리어, 학원강사, 행사기획자, 게이머, 치위생사, 물리치료사, 상담사, 공무원, 심판, 여행사, 소방관, 경호원, 경비원, 경찰관, 중학생, 초등학생, 고등학생, 대학생, 대학원생",17,100,"생일, 이사/집들이, 취업/이직, 기념일","존경, 감사, 축하","여성, 남성",스몰럭셔리,"실용, 정성","가족, 친구, 연인"
01083,어딕트 립 글로우,디올,뷰티,"립, 틴트, 립글로즈, 립스틱, 립밤, 화장품, 색조",48000,https://shop.dior.co.kr/products/y0996214?gclid=Cj0KCQjwn9CgBhDjARIsAD15h0CpHmLorNYmBUp9XOE-7LU-U_naCLSfUcjgfkPTCVxOvWjWxVCV1fkaAhoEEALw_wcB,https://gift.kakao.com/product/2259144,https://www.coupang.com/np/search?component=&q=%EB%94%94%EC%98%AC+%EB%A6%BD%EA%B8%80%EB%A1%9C%EC%9A%B0&channel=user,https://search.shopping.naver.com/search/all?query=%EB%94%94%EC%98%AC%20%EC%96%B4%EB%94%95%ED%8A%B8%20%EB%A6%BD%20%EA%B8%80%EB%A1%9C%EC%9A%B0&cat_id=&frm=NVSHATC,"청량한 달콤함을 시작으로, 화이트 튤립의 푸른 잎사귀를 떠오르는 탬버린즈 퍼퓸 핸드크림이에요. 작은 크기에 들고 다니기 좋아요.","전문직, 사무직, 판매/서비스직, 학생, 전업주부, 무직, 기타","의사, 변호사, 검사, 변리사, 법무사, 노무사, 회계사, 세무사, 관세사, 교수, 마케터, 영업, 기획, 홍보, 인사, 경영지원, 총무, 호텔리어, 학원강사, 행사기획자, 게이머, 치위생사, 물리치료사, 상담사, 공무원, 심판, 여행사, 소방관, 경호원, 경비원, 경찰관, 중학생, 초등학생, 고등학생, 대학생, 대학원생",17,100,"생일, 이사/집들이, 취업/이직, 기념일","존경, 감사, 축하","여성, 남성",스몰럭셔리,"실용, 정성","가족, 친구, 연인"
01084,어딕트 립 글로우,디올,뷰티,"립, 틴트, 립글로즈, 립스틱, 립밤, 화장품, 색조",48000,https://shop.dior.co.kr/products/y0996214?gclid=Cj0KCQjwn9CgBhDjARIsAD15h0CpHmLorNYmBUp9XOE-7LU-U_naCLSfUcjgfkPTCVxOvWjWxVCV1fkaAhoEEALw_wcB,https://gift.kakao.com/product/2259144,https://www.coupang.com/np/search?component=&q=%EB%94%94%EC%98%AC+%EB%A6%BD%EA%B8%80%EB%A1%9C%EC%9A%B0&channel=user,https://search.shopping.naver.com/search/all?query=%EB%94%94%EC%98%AC%20%EC%96%B4%EB%94%95%ED%8A%B8%20%EB%A6%BD%20%EA%B8%80%EB%A1%9C%EC%9A%B0&cat_id=&frm=NVSHATC,"청량한 달콤함을 시작으로, 화이트 튤립의 푸른 잎사귀를 떠오르는 탬버린즈 퍼퓸 핸드크림이에요. 작은 크기에 들고 다니기 좋아요.","전문직, 사무직, 판매/서비스직, 학생, 전업주부, 무직, 기타","의사, 변호사, 검사, 변리사, 법무사, 노무사, 회계사, 세무사, 관세사, 교수, 마케터, 영업, 기획, 홍보, 인사, 경영지원, 총무, 호텔리어, 학원강사, 행사기획자, 게이머, 치위생사, 물리치료사, 상담사, 공무원, 심판, 여행사, 소방관, 경호원, 경비원, 경찰관, 중학생, 초등학생, 고등학생, 대학생, 대학원생",17,100,"생일, 이사/집들이, 취업/이직, 기념일","존경, 감사, 축하","여성, 남성",스몰럭셔리,"실용, 정성","가족, 친구, 연인"
01085,어딕트 립 글로우,디올,뷰티,"립, 틴트, 립글로즈, 립스틱, 립밤, 화장품, 색조",48000,https://shop.dior.co.kr/products/y0996214?gclid=Cj0KCQjwn9CgBhDjARIsAD15h0CpHmLorNYmBUp9XOE-7LU-U_naCLSfUcjgfkPTCVxOvWjWxVCV1fkaAhoEEALw_wcB,https://gift.kakao.com/product/2259144,https://www.coupang.com/np/search?component=&q=%EB%94%94%EC%98%AC+%EB%A6%BD%EA%B8%80%EB%A1%9C%EC%9A%B0&channel=user,https://search.shopping.naver.com/search/all?query=%EB%94%94%EC%98%AC%20%EC%96%B4%EB%94%95%ED%8A%B8%20%EB%A6%BD%20%EA%B8%80%EB%A1%9C%EC%9A%B0&cat_id=&frm=NVSHATC,"청량한 달콤함을 시작으로, 화이트 튤립의 푸른 잎사귀를 떠오르는 탬버린즈 퍼퓸 핸드크림이에요. 작은 크기에 들고 다니기 좋아요.","전문직, 사무직, 판매/서비스직, 학생, 전업주부, 무직, 기타","의사, 변호사, 검사, 변리사, 법무사, 노무사, 회계사, 세무사, 관세사, 교수, 마케터, 영업, 기획, 홍보, 인사, 경영지원, 총무, 호텔리어, 학원강사, 행사기획자, 게이머, 치위생사, 물리치료사, 상담사, 공무원, 심판, 여행사, 소방관, 경호원, 경비원, 경찰관, 중학생, 초등학생, 고등학생, 대학생, 대학원생",17,100,"생일, 이사/집들이, 취업/이직, 기념일","존경, 감사, 축하","여성, 남성",스몰럭셔리,"실용, 정성","가족, 친구, 연인"
01086,어딕트 립 글로우,디올,뷰티,"립, 틴트, 립글로즈, 립스틱, 립밤, 화장품, 색조",48000,https://shop.dior.co.kr/products/y0996214?gclid=Cj0KCQjwn9CgBhDjARIsAD15h0CpHmLorNYmBUp9XOE-7LU-U_naCLSfUcjgfkPTCVxOvWjWxVCV1fkaAhoEEALw_wcB,https://gift.kakao.com/product/2259144,https://www.coupang.com/np/search?component=&q=%EB%94%94%EC%98%AC+%EB%A6%BD%EA%B8%80%EB%A1%9C%EC%9A%B0&channel=user,https://search.shopping.naver.com/search/all?query=%EB%94%94%EC%98%AC%20%EC%96%B4%EB%94%95%ED%8A%B8%20%EB%A6%BD%20%EA%B8%80%EB%A1%9C%EC%9A%B0&cat_id=&frm=NVSHATC,"청량한 달콤함을 시작으로, 화이트 튤립의 푸른 잎사귀를 떠오르는 탬버린즈 퍼퓸 핸드크림이에요. 작은 크기에 들고 다니기 좋아요.","전문직, 사무직, 판매/서비스직, 학생, 전업주부, 무직, 기타","의사, 변호사, 검사, 변리사, 법무사, 노무사, 회계사, 세무사, 관세사, 교수, 마케터, 영업, 기획, 홍보, 인사, 경영지원, 총무, 호텔리어, 학원강사, 행사기획자, 게이머, 치위생사, 물리치료사, 상담사, 공무원, 심판, 여행사, 소방관, 경호원, 경비원, 경찰관, 중학생, 초등학생, 고등학생, 대학생, 대학원생",17,100,"생일, 이사/집들이, 취업/이직, 기념일","존경, 감사, 축하","여성, 남성",스몰럭셔리,"실용, 정성","가족, 친구, 연인"
01087,어딕트 립 글로우,디올,뷰티,"립, 틴트, 립글로즈, 립스틱, 립밤, 화장품, 색조",48000,https://shop.dior.co.kr/products/y0996214?gclid=Cj0KCQjwn9CgBhDjARIsAD15h0CpHmLorNYmBUp9XOE-7LU-U_naCLSfUcjgfkPTCVxOvWjWxVCV1fkaAhoEEALw_wcB,https://gift.kakao.com/product/2259144,https://www.coupang.com/np/search?component=&q=%EB%94%94%EC%98%AC+%EB%A6%BD%EA%B8%80%EB%A1%9C%EC%9A%B0&channel=user,https://search.shopping.naver.com/search/all?query=%EB%94%94%EC%98%AC%20%EC%96%B4%EB%94%95%ED%8A%B8%20%EB%A6%BD%20%EA%B8%80%EB%A1%9C%EC%9A%B0&cat_id=&frm=NVSHATC,"청량한 달콤함을 시작으로, 화이트 튤립의 푸른 잎사귀를 떠오르는 탬버린즈 퍼퓸 핸드크림이에요. 작은 크기에 들고 다니기 좋아요.","전문직, 사무직, 판매/서비스직, 학생, 전업주부, 무직, 기타","의사, 변호사, 검사, 변리사, 법무사, 노무사, 회계사, 세무사, 관세사, 교수, 마케터, 영업, 기획, 홍보, 인사, 경영지원, 총무, 호텔리어, 학원강사, 행사기획자, 게이머, 치위생사, 물리치료사, 상담사, 공무원, 심판, 여행사, 소방관, 경호원, 경비원, 경찰관, 중학생, 초등학생, 고등학생, 대학생, 대학원생",17,100,"생일, 이사/집들이, 취업/이직, 기념일","존경, 감사, 축하","여성, 남성",스몰럭셔리,"실용, 정성","가족, 친구, 연인"
01088,어딕트 립 글로우,디올,뷰티,"립, 틴트, 립글로즈, 립스틱, 립밤, 화장품, 색조",48000,https://shop.dior.co.kr/products/y0996214?gclid=Cj0KCQjwn9CgBhDjARIsAD15h0CpHmLorNYmBUp9XOE-7LU-U_naCLSfUcjgfkPTCVxOvWjWxVCV1fkaAhoEEALw_wcB,https://gift.kakao.com/product/2259144,https://www.coupang.com/np/search?component=&q=%EB%94%94%EC%98%AC+%EB%A6%BD%EA%B8%80%EB%A1%9C%EC%9A%B0&channel=user,https://search.shopping.naver.com/search/all?query=%EB%94%94%EC%98%AC%20%EC%96%B4%EB%94%95%ED%8A%B8%20%EB%A6%BD%20%EA%B8%80%EB%A1%9C%EC%9A%B0&cat_id=&frm=NVSHATC,"청량한 달콤함을 시작으로, 화이트 튤립의 푸른 잎사귀를 떠오르는 탬버린즈 퍼퓸 핸드크림이에요. 작은 크기에 들고 다니기 좋아요.","전문직, 사무직, 판매/서비스직, 학생, 전업주부, 무직, 기타","의사, 변호사, 검사, 변리사, 법무사, 노무사, 회계사, 세무사, 관세사, 교수, 마케터, 영업, 기획, 홍보, 인사, 경영지원, 총무, 호텔리어, 학원강사, 행사기획자, 게이머, 치위생사, 물리치료사, 상담사, 공무원, 심판, 여행사, 소방관, 경호원, 경비원, 경찰관, 중학생, 초등학생, 고등학생, 대학생, 대학원생",17,100,"생일, 이사/집들이, 취업/이직, 기념일","존경, 감사, 축하","여성, 남성",스몰럭셔리,"실용, 정성","가족, 친구, 연인"
01089,어딕트 립 글로우,디올,뷰티,"립, 틴트, 립글로즈, 립스틱, 립밤, 화장품, 색조",48000,https://shop.dior.co.kr/products/y0996214?gclid=Cj0KCQjwn9CgBhDjARIsAD15h0CpHmLorNYmBUp9XOE-7LU-U_naCLSfUcjgfkPTCVxOvWjWxVCV1fkaAhoEEALw_wcB,https://gift.kakao.com/product/2259144,https://www.coupang.com/np/search?component=&q=%EB%94%94%EC%98%AC+%EB%A6%BD%EA%B8%80%EB%A1%9C%EC%9A%B0&channel=user,https://search.shopping.naver.com/search/all?query=%EB%94%94%EC%98%AC%20%EC%96%B4%EB%94%95%ED%8A%B8%20%EB%A6%BD%20%EA%B8%80%EB%A1%9C%EC%9A%B0&cat_id=&frm=NVSHATC,"청량한 달콤함을 시작으로, 화이트 튤립의 푸른 잎사귀를 떠오르는 탬버린즈 퍼퓸 핸드크림이에요. 작은 크기에 들고 다니기 좋아요.","전문직, 사무직, 판매/서비스직, 학생, 전업주부, 무직, 기타","의사, 변호사, 검사, 변리사, 법무사, 노무사, 회계사, 세무사, 관세사, 교수, 마케터, 영업, 기획, 홍보, 인사, 경영지원, 총무, 호텔리어, 학원강사, 행사기획자, 게이머, 치위생사, 물리치료사, 상담사, 공무원, 심판, 여행사, 소방관, 경호원, 경비원, 경찰관, 중학생, 초등학생, 고등학생, 대학생, 대학원생",17,100,"생일, 이사/집들이, 취업/이직, 기념일","존경, 감사, 축하","여성, 남성",스몰럭셔리,"실용, 정성","가족, 친구, 연인"
01090,어딕트 립 글로우,디올,뷰티,"립, 틴트, 립글로즈, 립스틱, 립밤, 화장품, 색조",48000,https://shop.dior.co.kr/products/y0996214?gclid=Cj0KCQjwn9CgBhDjARIsAD15h0CpHmLorNYmBUp9XOE-7LU-U_naCLSfUcjgfkPTCVxOvWjWxVCV1fkaAhoEEALw_wcB,https://gift.kakao.com/product/2259144,https://www.coupang.com/np/search?component=&q=%EB%94%94%EC%98%AC+%EB%A6%BD%EA%B8%80%EB%A1%9C%EC%9A%B0&channel=user,https://search.shopping.naver.com/search/all?query=%EB%94%94%EC%98%AC%20%EC%96%B4%EB%94%95%ED%8A%B8%20%EB%A6%BD%20%EA%B8%80%EB%A1%9C%EC%9A%B0&cat_id=&frm=NVSHATC,"청량한 달콤함을 시작으로, 화이트 튤립의 푸른 잎사귀를 떠오르는 탬버린즈 퍼퓸 핸드크림이에요. 작은 크기에 들고 다니기 좋아요.","전문직, 사무직, 판매/서비스직, 학생, 전업주부, 무직, 기타","의사, 변호사, 검사, 변리사, 법무사, 노무사, 회계사, 세무사, 관세사, 교수, 마케터, 영업, 기획, 홍보, 인사, 경영지원, 총무, 호텔리어, 학원강사, 행사기획자, 게이머, 치위생사, 물리치료사, 상담사, 공무원, 심판, 여행사, 소방관, 경호원, 경비원, 경찰관, 중학생, 초등학생, 고등학생, 대학생, 대학원생",17,100,"생일, 이사/집들이, 취업/이직, 기념일","존경, 감사, 축하","여성, 남성",스몰럭셔리,"실용, 정성","가족, 친구, 연인"
01091,어딕트 립 글로우,디올,뷰티,"립, 틴트, 립글로즈, 립스틱, 립밤, 화장품, 색조",48000,https://shop.dior.co.kr/products/y0996214?gclid=Cj0KCQjwn9CgBhDjARIsAD15h0CpHmLorNYmBUp9XOE-7LU-U_naCLSfUcjgfkPTCVxOvWjWxVCV1fkaAhoEEALw_wcB,https://gift.kakao.com/product/2259144,https://www.coupang.com/np/search?component=&q=%EB%94%94%EC%98%AC+%EB%A6%BD%EA%B8%80%EB%A1%9C%EC%9A%B0&channel=user,https://search.shopping.naver.com/search/all?query=%EB%94%94%EC%98%AC%20%EC%96%B4%EB%94%95%ED%8A%B8%20%EB%A6%BD%20%EA%B8%80%EB%A1%9C%EC%9A%B0&cat_id=&frm=NVSHATC,"청량한 달콤함을 시작으로, 화이트 튤립의 푸른 잎사귀를 떠오르는 탬버린즈 퍼퓸 핸드크림이에요. 작은 크기에 들고 다니기 좋아요.","전문직, 사무직, 판매/서비스직, 학생, 전업주부, 무직, 기타","의사, 변호사, 검사, 변리사, 법무사, 노무사, 회계사, 세무사, 관세사, 교수, 마케터, 영업, 기획, 홍보, 인사, 경영지원, 총무, 호텔리어, 학원강사, 행사기획자, 게이머, 치위생사, 물리치료사, 상담사, 공무원, 심판, 여행사, 소방관, 경호원, 경비원, 경찰관, 중학생, 초등학생, 고등학생, 대학생, 대학원생",17,100,"생일, 이사/집들이, 취업/이직, 기념일","존경, 감사, 축하","여성, 남성",스몰럭셔리,"실용, 정성","가족, 친구, 연인"
01092,어딕트 립 글로우,디올,뷰티,"립, 틴트, 립글로즈, 립스틱, 립밤, 화장품, 색조",48000,https://shop.dior.co.kr/products/y0996214?gclid=Cj0KCQjwn9CgBhDjARIsAD15h0CpHmLorNYmBUp9XOE-7LU-U_naCLSfUcjgfkPTCVxOvWjWxVCV1fkaAhoEEALw_wcB,https://gift.kakao.com/product/2259144,https://www.coupang.com/np/search?component=&q=%EB%94%94%EC%98%AC+%EB%A6%BD%EA%B8%80%EB%A1%9C%EC%9A%B0&channel=user,https://search.shopping.naver.com/search/all?query=%EB%94%94%EC%98%AC%20%EC%96%B4%EB%94%95%ED%8A%B8%20%EB%A6%BD%20%EA%B8%80%EB%A1%9C%EC%9A%B0&cat_id=&frm=NVSHATC,"청량한 달콤함을 시작으로, 화이트 튤립의 푸른 잎사귀를 떠오르는 탬버린즈 퍼퓸 핸드크림이에요. 작은 크기에 들고 다니기 좋아요.","전문직, 사무직, 판매/서비스직, 학생, 전업주부, 무직, 기타","의사, 변호사, 검사, 변리사, 법무사, 노무사, 회계사, 세무사, 관세사, 교수, 마케터, 영업, 기획, 홍보, 인사, 경영지원, 총무, 호텔리어, 학원강사, 행사기획자, 게이머, 치위생사, 물리치료사, 상담사, 공무원, 심판, 여행사, 소방관, 경호원, 경비원, 경찰관, 중학생, 초등학생, 고등학생, 대학생, 대학원생",17,100,"생일, 이사/집들이, 취업/이직, 기념일","존경, 감사, 축하","여성, 남성",스몰럭셔리,"실용, 정성","가족, 친구, 연인"
01093,어딕트 립 글로우,디올,뷰티,"립, 틴트, 립글로즈, 립스틱, 립밤, 화장품, 색조",48000,https://shop.dior.co.kr/products/y0996214?gclid=Cj0KCQjwn9CgBhDjARIsAD15h0CpHmLorNYmBUp9XOE-7LU-U_naCLSfUcjgfkPTCVxOvWjWxVCV1fkaAhoEEALw_wcB,https://gift.kakao.com/product/2259144,https://www.coupang.com/np/search?component=&q=%EB%94%94%EC%98%AC+%EB%A6%BD%EA%B8%80%EB%A1%9C%EC%9A%B0&channel=user,https://search.shopping.naver.com/search/all?query=%EB%94%94%EC%98%AC%20%EC%96%B4%EB%94%95%ED%8A%B8%20%EB%A6%BD%20%EA%B8%80%EB%A1%9C%EC%9A%B0&cat_id=&frm=NVSHATC,"청량한 달콤함을 시작으로, 화이트 튤립의 푸른 잎사귀를 떠오르는 탬버린즈 퍼퓸 핸드크림이에요. 작은 크기에 들고 다니기 좋아요.","전문직, 사무직, 판매/서비스직, 학생, 전업주부, 무직, 기타","의사, 변호사, 검사, 변리사, 법무사, 노무사, 회계사, 세무사, 관세사, 교수, 마케터, 영업, 기획, 홍보, 인사, 경영지원, 총무, 호텔리어, 학원강사, 행사기획자, 게이머, 치위생사, 물리치료사, 상담사, 공무원, 심판, 여행사, 소방관, 경호원, 경비원, 경찰관, 중학생, 초등학생, 고등학생, 대학생, 대학원생",17,100,"생일, 이사/집들이, 취업/이직, 기념일","존경, 감사, 축하","여성, 남성",스몰럭셔리,"실용, 정성","가족, 친구, 연인"
01094,어딕트 립 글로우,디올,뷰티,"립, 틴트, 립글로즈, 립스틱, 립밤, 화장품, 색조",48000,https://shop.dior.co.kr/products/y0996214?gclid=Cj0KCQjwn9CgBhDjARIsAD15h0CpHmLorNYmBUp9XOE-7LU-U_naCLSfUcjgfkPTCVxOvWjWxVCV1fkaAhoEEALw_wcB,https://gift.kakao.com/product/2259144,https://www.coupang.com/np/search?component=&q=%EB%94%94%EC%98%AC+%EB%A6%BD%EA%B8%80%EB%A1%9C%EC%9A%B0&channel=user,https://search.shopping.naver.com/search/all?query=%EB%94%94%EC%98%AC%20%EC%96%B4%EB%94%95%ED%8A%B8%20%EB%A6%BD%20%EA%B8%80%EB%A1%9C%EC%9A%B0&cat_id=&frm=NVSHATC,"청량한 달콤함을 시작으로, 화이트 튤립의 푸른 잎사귀를 떠오르는 탬버린즈 퍼퓸 핸드크림이에요. 작은 크기에 들고 다니기 좋아요.","전문직, 사무직, 판매/서비스직, 학생, 전업주부, 무직, 기타","의사, 변호사, 검사, 변리사, 법무사, 노무사, 회계사, 세무사, 관세사, 교수, 마케터, 영업, 기획, 홍보, 인사, 경영지원, 총무, 호텔리어, 학원강사, 행사기획자, 게이머, 치위생사, 물리치료사, 상담사, 공무원, 심판, 여행사, 소방관, 경호원, 경비원, 경찰관, 중학생, 초등학생, 고등학생, 대학생, 대학원생",17,100,"생일, 이사/집들이, 취업/이직, 기념일","존경, 감사, 축하","여성, 남성",스몰럭셔리,"실용, 정성","가족, 친구, 연인"
01095,어딕트 립 글로우,디올,뷰티,"립, 틴트, 립글로즈, 립스틱, 립밤, 화장품, 색조",48000,https://shop.dior.co.kr/products/y0996214?gclid=Cj0KCQjwn9CgBhDjARIsAD15h0CpHmLorNYmBUp9XOE-7LU-U_naCLSfUcjgfkPTCVxOvWjWxVCV1fkaAhoEEALw_wcB,https://gift.kakao.com/product/2259144,https://www.coupang.com/np/search?component=&q=%EB%94%94%EC%98%AC+%EB%A6%BD%EA%B8%80%EB%A1%9C%EC%9A%B0&channel=user,https://search.shopping.naver.com/search/all?query=%EB%94%94%EC%98%AC%20%EC%96%B4%EB%94%95%ED%8A%B8%20%EB%A6%BD%20%EA%B8%80%EB%A1%9C%EC%9A%B0&cat_id=&frm=NVSHATC,"청량한 달콤함을 시작으로, 화이트 튤립의 푸른 잎사귀를 떠오르는 탬버린즈 퍼퓸 핸드크림이에요. 작은 크기에 들고 다니기 좋아요.","전문직, 사무직, 판매/서비스직, 학생, 전업주부, 무직, 기타","의사, 변호사, 검사, 변리사, 법무사, 노무사, 회계사, 세무사, 관세사, 교수, 마케터, 영업, 기획, 홍보, 인사, 경영지원, 총무, 호텔리어, 학원강사, 행사기획자, 게이머, 치위생사, 물리치료사, 상담사, 공무원, 심판, 여행사, 소방관, 경호원, 경비원, 경찰관, 중학생, 초등학생, 고등학생, 대학생, 대학원생",17,100,"생일, 이사/집들이, 취업/이직, 기념일","존경, 감사, 축하","여성, 남성",스몰럭셔리,"실용, 정성","가족, 친구, 연인"
01096,어딕트 립 글로우,디올,뷰티,"립, 틴트, 립글로즈, 립스틱, 립밤, 화장품, 색조",48000,https://shop.dior.co.kr/products/y0996214?gclid=Cj0KCQjwn9CgBhDjARIsAD15h0CpHmLorNYmBUp9XOE-7LU-U_naCLSfUcjgfkPTCVxOvWjWxVCV1fkaAhoEEALw_wcB,https://gift.kakao.com/product/2259144,https://www.coupang.com/np/search?component=&q=%EB%94%94%EC%98%AC+%EB%A6%BD%EA%B8%80%EB%A1%9C%EC%9A%B0&channel=user,https://search.shopping.naver.com/search/all?query=%EB%94%94%EC%98%AC%20%EC%96%B4%EB%94%95%ED%8A%B8%20%EB%A6%BD%20%EA%B8%80%EB%A1%9C%EC%9A%B0&cat_id=&frm=NVSHATC,"청량한 달콤함을 시작으로, 화이트 튤립의 푸른 잎사귀를 떠오르는 탬버린즈 퍼퓸 핸드크림이에요. 작은 크기에 들고 다니기 좋아요.","전문직, 사무직, 판매/서비스직, 학생, 전업주부, 무직, 기타","의사, 변호사, 검사, 변리사, 법무사, 노무사, 회계사, 세무사, 관세사, 교수, 마케터, 영업, 기획, 홍보, 인사, 경영지원, 총무, 호텔리어, 학원강사, 행사기획자, 게이머, 치위생사, 물리치료사, 상담사, 공무원, 심판, 여행사, 소방관, 경호원, 경비원, 경찰관, 중학생, 초등학생, 고등학생, 대학생, 대학원생",17,100,"생일, 이사/집들이, 취업/이직, 기념일","존경, 감사, 축하","여성, 남성",스몰럭셔리,"실용, 정성","가족, 친구, 연인"
01097,어딕트 립 글로우,디올,뷰티,"립, 틴트, 립글로즈, 립스틱, 립밤, 화장품, 색조",48000,https://shop.dior.co.kr/products/y0996214?gclid=Cj0KCQjwn9CgBhDjARIsAD15h0CpHmLorNYmBUp9XOE-7LU-U_naCLSfUcjgfkPTCVxOvWjWxVCV1fkaAhoEEALw_wcB,https://gift.kakao.com/product/2259144,https://www.coupang.com/np/search?component=&q=%EB%94%94%EC%98%AC+%EB%A6%BD%EA%B8%80%EB%A1%9C%EC%9A%B0&channel=user,https://search.shopping.naver.com/search/all?query=%EB%94%94%EC%98%AC%20%EC%96%B4%EB%94%95%ED%8A%B8%20%EB%A6%BD%20%EA%B8%80%EB%A1%9C%EC%9A%B0&cat_id=&frm=NVSHATC,"청량한 달콤함을 시작으로, 화이트 튤립의 푸른 잎사귀를 떠오르는 탬버린즈 퍼퓸 핸드크림이에요. 작은 크기에 들고 다니기 좋아요.","전문직, 사무직, 판매/서비스직, 학생, 전업주부, 무직, 기타","의사, 변호사, 검사, 변리사, 법무사, 노무사, 회계사, 세무사, 관세사, 교수, 마케터, 영업, 기획, 홍보, 인사, 경영지원, 총무, 호텔리어, 학원강사, 행사기획자, 게이머, 치위생사, 물리치료사, 상담사, 공무원, 심판, 여행사, 소방관, 경호원, 경비원, 경찰관, 중학생, 초등학생, 고등학생, 대학생, 대학원생",17,100,"생일, 이사/집들이, 취업/이직, 기념일","존경, 감사, 축하","여성, 남성",스몰럭셔리,"실용, 정성","가족, 친구, 연인"
01098,어딕트 립 글로우,디올,뷰티,"립, 틴트, 립글로즈, 립스틱, 립밤, 화장품, 색조",48000,https://shop.dior.co.kr/products/y0996214?gclid=Cj0KCQjwn9CgBhDjARIsAD15h0CpHmLorNYmBUp9XOE-7LU-U_naCLSfUcjgfkPTCVxOvWjWxVCV1fkaAhoEEALw_wcB,https://gift.kakao.com/product/2259144,https://www.coupang.com/np/search?component=&q=%EB%94%94%EC%98%AC+%EB%A6%BD%EA%B8%80%EB%A1%9C%EC%9A%B0&channel=user,https://search.shopping.naver.com/search/all?query=%EB%94%94%EC%98%AC%20%EC%96%B4%EB%94%95%ED%8A%B8%20%EB%A6%BD%20%EA%B8%80%EB%A1%9C%EC%9A%B0&cat_id=&frm=NVSHATC,"청량한 달콤함을 시작으로, 화이트 튤립의 푸른 잎사귀를 떠오르는 탬버린즈 퍼퓸 핸드크림이에요. 작은 크기에 들고 다니기 좋아요.","전문직, 사무직, 판매/서비스직, 학생, 전업주부, 무직, 기타","의사, 변호사, 검사, 변리사, 법무사, 노무사, 회계사, 세무사, 관세사, 교수, 마케터, 영업, 기획, 홍보, 인사, 경영지원, 총무, 호텔리어, 학원강사, 행사기획자, 게이머, 치위생사, 물리치료사, 상담사, 공무원, 심판, 여행사, 소방관, 경호원, 경비원, 경찰관, 중학생, 초등학생, 고등학생, 대학생, 대학원생",17,100,"생일, 이사/집들이, 취업/이직, 기념일","존경, 감사, 축하","여성, 남성",스몰럭셔리,"실용, 정성","가족, 친구, 연인"
01099,어딕트 립 글로우,디올,뷰티,"립, 틴트, 립글로즈, 립스틱, 립밤, 화장품, 색조",48000,https://shop.dior.co.kr/products/y0996214?gclid=Cj0KCQjwn9CgBhDjARIsAD15h0CpHmLorNYmBUp9XOE-7LU-U_naCLSfUcjgfkPTCVxOvWjWxVCV1fkaAhoEEALw_wcB,https://gift.kakao.com/product/2259144,https://www.coupang.com/np/search?component=&q=%EB%94%94%EC%98%AC+%EB%A6%BD%EA%B8%80%EB%A1%9C%EC%9A%B0&channel=user,https://search.shopping.naver.com/search/all?query=%EB%94%94%EC%98%AC%20%EC%96%B4%EB%94%95%ED%8A%B8%20%EB%A6%BD%20%EA%B8%80%EB%A1%9C%EC%9A%B0&cat_id=&frm=NVSHATC,"청량한 달콤함을 시작으로, 화이트 튤립의 푸른 잎사귀를 떠오르는 탬버린즈 퍼퓸 핸드크림이에요. 작은 크기에 들고 다니기 좋아요.","전문직, 사무직, 판매/서비스직, 학생, 전업주부, 무직, 기타","의사, 변호사, 검사, 변리사, 법무사, 노무사, 회계사, 세무사, 관세사, 교수, 마케터, 영업, 기획, 홍보, 인사, 경영지원, 총무, 호텔리어, 학원강사, 행사기획자, 게이머, 치위생사, 물리치료사, 상담사, 공무원, 심판, 여행사, 소방관, 경호원, 경비원, 경찰관, 중학생, 초등학생, 고등학생, 대학생, 대학원생",17,100,"생일, 이사/집들이, 취업/이직, 기념일","존경, 감사, 축하","여성, 남성",스몰럭셔리,"실용, 정성","가족, 친구, 연인"
01100,어딕트 립 글로우,디올,뷰티,"립, 틴트, 립글로즈, 립스틱, 립밤, 화장품, 색조",48000,https://shop.dior.co.kr/products/y0996214?gclid=Cj0KCQjwn9CgBhDjARIsAD15h0CpHmLorNYmBUp9XOE-7LU-U_naCLSfUcjgfkPTCVxOvWjWxVCV1fkaAhoEEALw_wcB,https://gift.kakao.com/product/2259144,https://www.coupang.com/np/search?component=&q=%EB%94%94%EC%98%AC+%EB%A6%BD%EA%B8%80%EB%A1%9C%EC%9A%B0&channel=user,https://search.shopping.naver.com/search/all?query=%EB%94%94%EC%98%AC%20%EC%96%B4%EB%94%95%ED%8A%B8%20%EB%A6%BD%20%EA%B8%80%EB%A1%9C%EC%9A%B0&cat_id=&frm=NVSHATC,"청량한 달콤함을 시작으로, 화이트 튤립의 푸른 잎사귀를 떠오르는 탬버린즈 퍼퓸 핸드크림이에요. 작은 크기에 들고 다니기 좋아요.","전문직, 사무직, 판매/서비스직, 학생, 전업주부, 무직, 기타","의사, 변호사, 검사, 변리사, 법무사, 노무사, 회계사, 세무사, 관세사, 교수, 마케터, 영업, 기획, 홍보, 인사, 경영지원, 총무, 호텔리어, 학원강사, 행사기획자, 게이머, 치위생사, 물리치료사, 상담사, 공무원, 심판, 여행사, 소방관, 경호원, 경비원, 경찰관, 중학생, 초등학생, 고등학생, 대학생, 대학원생",17,100,"생일, 이사/집들이, 취업/이직, 기념일","존경, 감사, 축하","여성, 남성",스몰럭셔리,"실용, 정성","가족, 친구, 연인"